<samples book="sample" num="4">
    <div book="sample4" num="1">
        <p pid="14" id="LD.c62.p14" type="speech">
            <s sid="1" id="sample4.c1.s1"><qs/>'At me again, sir!'<qe/><sls/> exclaimed Pancks,
                loosening his hold of his hair; <sle/><qs/>'at me again, and again!'<qe/></s>
        </p>
    </div>
    <div book="sample4" num="2">
        <p pid="12" id="BH.c62.p12" type="speech">
            <s sid="1" id="sample4.c2.s1"><qs/>"Have I not been what I have meant to be since--I
                brought the answer to your letter, guardian?"<qe/></s>
        </p>
    </div>
    <div book="sample4" num="3">
        <p pid="107" id="NN.c3.p107" type="speech">
            <s sid="1" id="sample4.c3.s1"><qs/>'Are you willing to work, sir?'<qe/> he inquired,
                frowning on his nephew.</s>
        </p>
    </div>
    <div book="sample4" num="4">
        <p pid="30" id="OT.c45.p30" type="speech">
            <s sid="1" id="sample4.c4.s1"><qs/>'All that, my dear, you shall hear from me.</s>
            <s sid="2" id="sample4.c4.s2">I'll point her out at the proper time,'<qe/> said Fagin.</s>
            <s sid="3" id="sample4.c4.s3"><qs/>'You keep ready, and leave the rest to me.'<qe/></s>
        </p>
    </div>
    <div book="sample4" num="5">
        <p pid="91" id="NN.c7.p91" type="speech">
            <s sid="1" id="sample4.c5.s1"><qs/>'I'll come in myself and show you where the well
                is,'<qe/> said Squeers.</s>
            <s sid="2" id="sample4.c5.s2"><qs/>'You'll always find a little bit of soap in the
                kitchen window; that belongs to you.'<qe/></s>
        </p>
    </div>
    <div book="sample4" num="6">
        <p pid="140" id="SB.c56.p140" type="speech">
            <s sid="1" id="sample4.c6.s1"><qs/>'God bless me!'<qe/><sls/> exclaimed Parsons,
                starting up with well-feigned surprise, <sle/><qs/>'I've forgotten those confounded
                letters.</s>
            <s sid="2" id="sample4.c6.s2">Tottle, I know you'll excuse me.'<qe/></s>
        </p>
    </div>
    <div book="sample4" num="7">
        <p pid="110" id="DC.c38.p110" type="speech">
            <s sid="1" id="sample4.c7.s1">This was at the expiration of about six weeks.</s>
            <s sid="2" id="sample4.c7.s2">I had suffered tortures all the time; and thought I really
                must have laid violent hands upon myself, when Miss Mills still reported to me, that
                my broken-hearted little Dora would say nothing, when I was mentioned, but <qs/>'Oh,
                poor papa!</s>
            <s sid="3" id="sample4.c7.s3">Oh, dear papa!'<qe/></s>
            <s sid="4" id="sample4.c7.s4">Also, that she had no other relations than two aunts,
                maiden sisters of Mr. Spenlow, who lived at Putney, and who had not held any other
                than chance communication with their brother for many years.</s>
            <s sid="5" id="sample4.c7.s5">Not that they had ever quarrelled (Miss Mills informed
                me); but that having been, on the occasion of Dora's christening, invited to tea,
                when they considered themselves privileged to be invited to dinner, they had
                expressed their opinion in writing, that it was 'better for the happiness of all
                parties' that they should stay away.</s>
            <s sid="6" id="sample4.c7.s6">Since which they had gone their road, and their brother
                had gone his.</s>
        </p>
    </div>
    <div book="sample4" num="8">
        <p pid="34" id="OCS.c27.p34" type="speech">
            <s sid="1" id="sample4.c8.s1"><qs/>'And yet you can read.</s>
            <s sid="2" id="sample4.c8.s2">And write too, I shouldn't wonder?'<qe/></s>
        </p>
    </div>
    <div book="sample4" num="9">
        <p pid="98" id="DC.c59.p98" type="speech">
            <s sid="1" id="sample4.c9.s1"><qs/>'And yet you knew it, long before I knew it
                myself,'<qe/> I returned.</s>
        </p>
    </div>
    <div book="sample4" num="10">
        <p pid="100" id="SB.c46.p100" type="speech">
            <s sid="1" id="sample4.c10.s1"><qs/>'Well, and it has occurred to me too,'<qe/><sss/>
                replied John Evenson, <sse/><qs/>'and I ain't willing to pay for 'em.</s>
            <s sid="2" id="sample4.c10.s2">Then why should I?--I say, why should I?'<qe/> continued
                the politician, laying down the paper, and knocking his knuckles on the table.</s>
            <s sid="3" id="sample4.c10.s3"><qs/>'There are two great principles--demand--'<qe/></s>
        </p>
    </div>
    <div book="sample4" num="12">
        <p pid="38" id="MC.c3.p38" type="speech">
            <s sid="1" id="sample4.c12.s1"><qs/>'Ah! you begin too soon,'<qe/> he said, in so low a
                voice that he seemed to be thinking it, rather than addressing her.</s>
            <s sid="2" id="sample4.c12.s2"><qs/>'But you lose no time.</s>
            <s sid="3" id="sample4.c12.s3">You do your errand, and you earn your fee.</s>
            <s sid="4" id="sample4.c12.s4">Now, who may be your client?'<qe/></s>
        </p>
    </div>
    <div book="sample4" num="13">
        <p pid="83" id="NN.c30.p83" type="speech">
            <s sid="1" id="sample4.c13.s1">So saying, Mr Snevellicci struck the palm of his left
                hand three smart blows with his clenched fist; pulled a phantom nose with his right
                thumb and forefinger, and swallowed another glassful at a draught.</s>
            <s sid="2" id="sample4.c13.s2"><qs/>'That's my way,'<qe/> repeated Mr Snevellicci.</s>
        </p>
    </div>
    <div book="sample4" num="14">
        <p pid="53" id="GE.c18.p53" type="speech">
            <s sid="1" id="sample4.c14.s1"><qs/>"I don't say anybody is.</s>
            <s sid="2" id="sample4.c14.s2">Do you keep a dog?"<qe/></s>
        </p>
    </div>
    <div book="sample4" num="15">
        <p pid="56" id="OMF.c38.p56" type="speech">
            <s sid="1" id="sample4.c15.s1">Somehow, Bella was not so well pleased with this
                assurance and this prospect as she might have been.</s>
            <s sid="2" id="sample4.c15.s2">Somehow, when she put her arms round Mrs Boffin's neck
                and said Good Night, she derived a sense of unworthiness from the still anxious face
                of that good woman and her obvious wish to excuse her husband.</s>
            <s sid="3" id="sample4.c15.s3"><qs/>'Why, what need to excuse him?'<qe/> thought Bella,
                sitting down in her own room.</s>
            <s sid="4" id="sample4.c15.s4"><qs/>'What he said was very sensible, I am sure, and very
                true, I am sure.</s>
            <s sid="5" id="sample4.c15.s5">It is only what I often say to myself.</s>
            <s sid="6" id="sample4.c15.s6">Don't I like it then?</s>
            <s sid="7" id="sample4.c15.s7">No, I don't like it, and, though he is my liberal
                benefactor, I disparage him for it.</s>
            <s sid="8" id="sample4.c15.s8">Then pray,'<qe/><sls/> said Bella, sternly putting the
                question to herself in the looking-glass as usual, <sle/><qs/>'what do you mean by
                this, you inconsistent little Beast?'<qe/></s>
        </p>
    </div>
    <div book="sample4" num="16">
        <p pid="19" id="PP.c52.p19" type="speech" form="extended" position="beginning">
            <s sid="1" id="sample4.c16.s1"><qs/>'My DEAR SAMMLE,</s>
        </p>

        <p pid="20" id="PP.c52.p20" type="speech" form="extended" position="end">
            <s sid="2" id="sample4.c16.s2">'I am werry sorry to have the pleasure of being a Bear of
                ill news your Mother in law cort cold consekens of imprudently settin too long on
                the damp grass in the rain a hearing of a shepherd who warnt able to leave off till
                late at night owen to his having vound his-self up vith brandy and vater and not
                being able to stop his-self till he got a little sober which took a many hours to do
                the doctor says that if she'd svallo'd varm brandy and vater artervards insted of
                afore she mightn't have been no vus her veels wos immedetly greased and everythink
                done to set her agoin as could be inwented your father had hopes as she vould have
                vorked round as usual but just as she wos a turnen the corner my boy she took the
                wrong road and vent down hill vith a welocity you never see and notvithstandin that
                the drag wos put on directly by the medikel man it wornt of no use at all for she
                paid the last pike at twenty minutes afore six o'clock yesterday evenin havin done
                the journey wery much under the reglar time vich praps was partly owen to her haven
                taken in wery little luggage by the vay your father says that if you vill come and
                see me Sammy he vill take it as a wery great favor for I am wery lonely Samivel n.
                b. he VILL have it spelt that vay vich I say ant right and as there is sich a many
                things to settle he is sure your guvner wont object of course he vill not Sammy for
                I knows him better so he sends his dooty in which I join and am Samivel infernally
                yours 'TONY VELLER.'<qe/></s>
        </p>
    </div>
    <div book="sample4" num="17">
        <p pid="88" id="BH.c26.p88" type="speech">
            <s sid="1" id="sample4.c17.s1"><qs/>"Aye, aye!</s>
            <s sid="2" id="sample4.c17.s2">Ho, ho!</s>
            <s sid="3" id="sample4.c17.s3">U--u--u--ugh!"<qe/> chatters Grandfather Smallweed,
                swallowing his rage.</s>
            <s sid="4" id="sample4.c17.s4"><qs/>"My dear friend!"<qe/></s>
            <s sid="5" id="sample4.c17.s5">(still clawing).</s>
        </p>
    </div>
    <div book="sample4" num="18">
        <p pid="63" id="OMF.c55.p63" type="speech">
            <s sid="1" id="sample4.c18.s1">She laid her laughing cheek upon his breast to thank him,
                and said, looking at the rest of them sideways out of her bright eyes:</s>
            <s sid="2" id="sample4.c18.s2"><qs/>'I'll go further, Pa and Ma and Lavvy.</s>
            <s sid="3" id="sample4.c18.s3">John don't suspect it--he has no idea of it--but I quite
                love him!'<qe/></s>
        </p>
    </div>
    <div book="sample4" num="19">
        <p pid="179" id="SB.c46.p179" type="speech">
            <s sid="1" id="sample4.c19.s1"><qs/>'The moment I have secured your mistress, my
                dear,'<qe/><sls/> said a man's voice in a strong Irish brogue, <sle/><qs/>'you may
                depend on having the money.'<qe/></s>
        </p>
    </div>
    <div book="sample4" num="20">
        <p pid="120" id="LD.c49.p120" type="speech">
            <s sid="1" id="sample4.c20.s1"><qs/>'Be as rich as you can, sir,'<qe/> Pancks adjured
                him with a powerful concentration of all his energies on the advice.</s>
            <s sid="2" id="sample4.c20.s2"><qs/>'Be as rich as you honestly can.</s>
            <s sid="3" id="sample4.c20.s3">It's your duty.</s>
            <s sid="4" id="sample4.c20.s4">Not for your sake, but for the sake of others.</s>
            <s sid="5" id="sample4.c20.s5">Take time by the forelock.</s>
            <s sid="6" id="sample4.c20.s6">Poor Mr Doyce (who really is growing old) depends upon
                you.</s>
            <s sid="7" id="sample4.c20.s7">Your relative depends upon you.</s>
            <s sid="8" id="sample4.c20.s8">You don't know what depends upon you.'<qe/></s>
        </p>
    </div>
    <div book="sample4" num="21">
        <p pid="115" id="NN.c47.p115" type="speech">
            <s sid="1" id="sample4.c21.s1"><qs/>'Madeline,'<qe/><sls/> said her father, gently
                disengaging himself, <sle/><qs/>'it was nothing.'<qe/></s>
        </p>
    </div>
    <div book="sample4" num="22">
        <p pid="57" id="BH.c16.p57" type="speech">
            <s sid="1" id="sample4.c22.s1"><qs/>"Go on to the next!"<qe/></s>
        </p>
    </div>
    <div book="sample4" num="23">
        <p pid="38" id="BH.c41.p38" type="speech">
            <s sid="1" id="sample4.c23.s1"><qs/>"To be lost to all here.</s>
            <s sid="2" id="sample4.c23.s2">I leave Chesney Wold to-night.</s>
            <s sid="3" id="sample4.c23.s3">I go this hour."<qe/></s>
        </p>
    </div>
    <div book="sample4" num="24">
        <p pid="12" id="OMF.c33.p12" type="speech">
            <s sid="1" id="sample4.c24.s1"><qs/>'Are you staying in town?'<qe/> asks Twemlow.</s>
        </p>
    </div>
    <div book="sample4" num="25">
        <p pid="118" id="PP.c20.p118" type="speech">
            <s sid="1" id="sample4.c25.s1"><qs/>'Old Fireworks, Sir; by which, I've no doubt, they
                meant you, Sir.'<qe/></s>
            <s sid="2" id="sample4.c25.s2">There is nothing positively vile or atrocious in the
                appellation of <qs/>'old Fireworks,'<qe/> but still it is by no means a respectful
                or flattering designation.</s>
            <s sid="3" id="sample4.c25.s3">The recollection of all the wrongs he had sustained at
                Jingle's hands, had crowded on Mr. Pickwick's mind, the moment Mr. Weller began to
                speak; it wanted but a feather to turn the scale, and <qs/>'old Fireworks'<qe/> did it.</s>
        </p>
    </div>
    <div book="sample4" num="26">
        <p pid="7" id="HT.c29.p7" type="speech">
            <s sid="1" id="sample4.c26.s1"><qs/>'Why do you believe so?'<qe/></s>
        </p>
    </div>
    <div book="sample4" num="27">
        <p pid="4" id="OMF.c9.p4" type="speech">
            <s sid="1" id="sample4.c27.s1"><qs/>'Fashionable Society, my dear?'<qe/></s>
        </p>
    </div>
    <div book="sample4" num="28">
        <p pid="61" id="DS.c14.p61" type="speech">
            <s sid="1" id="sample4.c28.s1">He could neither make it out, nor trouble himself long
                with the effort.</s>
            <s sid="2" id="sample4.c28.s2">Mrs Pipchin was again beside him, if she had ever been
                away (he thought she had gone out with the Doctor, but it was all a dream perhaps),
                and presently a bottle and glass got into her hands magically, and she poured out
                the contents for him.</s>
            <s sid="3" id="sample4.c28.s3">After that, he had some real good jelly, which Mrs
                Blimber brought to him herself; and then he was so well, that Mrs Pipchin went home,
                at his urgent solicitation, and Briggs and Tozer came to bed.</s>
            <s sid="4" id="sample4.c28.s4">Poor Briggs grumbled terribly about his own analysis,
                which could hardly have discomposed him more if it had been a chemical process; but
                he was very good to Paul, and so was Tozer, and so were all the rest, for they every
                one looked in before going to bed, and said, <qs/>'How are you now, Dombey?'<qe/></s>
            <s sid="5" id="sample4.c28.s5"><qs/>'Cheer up, little Dombey!'<qe/> and so forth.</s>
            <s sid="6" id="sample4.c28.s6">After Briggs had got into bed, he lay awake for a long
                time, still bemoaning his analysis, and saying he knew it was all wrong, and they
                couldn't have analysed a murderer worse, and--how would Doctor Blimber like it if
                his pocket-money depended on it?</s>
            <s sid="7" id="sample4.c28.s7">It was very easy, Briggs said, to make a galley-slave of
                a boy all the half-year, and then score him up idle; and to crib two dinners a-week
                out of his board, and then score him up greedy; but that wasn't going to be
                submitted to, he believed, was it?</s>
            <s sid="8" id="sample4.c28.s8">Oh!</s>
            <s sid="9" id="sample4.c28.s9">Ah!</s>
        </p>
    </div>
    <div book="sample4" num="29">
        <p pid="7" id="MC.c43.p7" type="speech">
            <s sid="1" id="sample4.c29.s1"><qs/>'A bad night!'<qe/> observed the hostess
            cheerfully.</s>
        </p>
    </div>
    <div book="sample4" num="30">
        <p pid="69" id="DS.c37.p69" type="speech">
            <s sid="1" id="sample4.c30.s1"><qs/>'La bless you, no, Ma'am.</s>
            <s sid="2" id="sample4.c30.s2">Mrs Dombey has only gone out for a ride with Miss
                Florence.'<qe/></s>
        </p>
    </div>
    <div book="sample4" num="31">
        <p pid="76" id="DC.c48.p76" type="speech">
            <s sid="1" id="sample4.c31.s1"><qs/>'Thank you, aunt,'<qe/> said Dora, faintly.</s>
            <s sid="2" id="sample4.c31.s2"><qs/>'But don't, please!'<qe/></s>
        </p>
    </div>
    <div book="sample4" num="32">
        <p pid="31" id="HT.c36.p31" type="speech">
            <s sid="1" id="sample4.c32.s1"><qs/>'Thquire, - you don't need to be told that dogth ith
                wonderful animalth.'<qe/></s>
        </p>
    </div>
    <div book="sample4" num="33">
        <p pid="21" id="PP.c54.p21" type="speech">
            <s sid="1" id="sample4.c33.s1"><qs/>'Of course I do; of course I do,'<qe/> replied the
                old gentleman.</s>
            <s sid="2" id="sample4.c33.s2"><qs/>'I am heartily glad to see him, notwithstanding.</s>
            <s sid="3" id="sample4.c33.s3">I will not lose sight of him again, in a hurry.'<qe/></s>
        </p>
    </div>
    <div book="sample4" num="34">
        <p pid="31" id="DS.c37.p31" type="speech">
            <s sid="1" id="sample4.c34.s1"><qs/>'Miss Florence's position,'<qe/><sss/> he began,
                <sse/><qs/>'has been an unfortunate one.</s>
            <s sid="2" id="sample4.c34.s2">I have a difficulty in alluding to it to you, whose
                attachment to her father is naturally watchful and jealous of every word that
                applies to him.'<qe/></s>
            <s sid="3" id="sample4.c34.s3">Always distinct and soft in speech, no language could
                describe the extent of his distinctness and softness, when he said these words, or
                came to any others of a similar import.</s>
            <s sid="4" id="sample4.c34.s4"><qs/>'But, as one who is devoted to Mr Dombey in his
                different way, and whose life is passed in admiration of Mr Dombey's character, may
                I say, without offence to your tenderness as a wife, that Miss Florence has
                unhappily been neglected--by her father.</s>
            <s sid="5" id="sample4.c34.s5">May I say by her father?'<qe/></s>
        </p>
    </div>
    <div book="sample4" num="35">
        <p pid="63" id="MC.c18.p63" type="speech">
            <s sid="1" id="sample4.c35.s1"><qs/>'You needn't speak so loud,'<qe/> retorted Anthony.</s>
            <s sid="2" id="sample4.c35.s2"><qs/>'I'm not so deaf as that.'<qe/></s>
        </p>
    </div>
    <div book="sample4" num="36">
        <p pid="105" id="BH.c53.p105" type="speech">
            <s sid="1" id="sample4.c36.s1"><qs/>"And left her there.</s>
            <s sid="2" id="sample4.c36.s2">Certainly you did.</s>
            <s sid="3" id="sample4.c36.s3">I saw you doing it."<qe/></s>
        </p>
    </div>
    <div book="sample4" num="37">
        <p pid="107" id="PP.c7.p107" type="speech">
            <s sid="1" id="sample4.c37.s1"><qs/>'Sir!'<qe/></s>
        </p>
    </div>
    <div book="sample4" num="38">
        <p pid="52" id="BL.c1.p52" type="speech">
            <s sid="1" id="sample4.c38.s1"><qs/>'No,'<qe/> returned the Doctor.</s>
            <s sid="2" id="sample4.c38.s2"><qs/>'God forbid!</s>
            <s sid="3" id="sample4.c38.s3">May she live to laugh at it, as long as she CAN laugh,
                and then say, with the French wit, <alt-qs/>"The farce is ended; draw the curtain."<alt-qe/>'<qe/></s>
        </p>
    </div>
    <div book="sample4" num="39">
        <p pid="16" id="BH.c21.p16" type="speech">
            <s sid="1" id="sample4.c39.s1">Grandmother Smallweed, who has been mumbling and shaking
                her head at the trivets, hearing figures mentioned, connects them with money and
                screeches like a horrible old parrot without any plumage, <qs/>"Ten ten-pound
                notes!"<qe/></s>
        </p>
    </div>
    <div book="sample4" num="40">
        <p pid="3" id="MC.c8.p3" type="speech">
            <s sid="1" id="sample4.c40.s1"><qs/>'What are we?'<qe/><sss/> said Mr Pecksniff,
                <sse/><qs/>'but coaches?</s>
            <s sid="2" id="sample4.c40.s2">Some of us are slow coaches'<qe/>--</s>
        </p>
    </div>
    <div book="sample4" num="41">
        <p pid="27" id="BR.c53.p27" type="speech">
            <s sid="1" id="sample4.c41.s1"><qs/>'News! what news?'<qe/></s>
        </p>
    </div>
    <div book="sample4" num="42">
        <p pid="6" id="CC.c5.p6" type="speech">
            <s sid="1" id="sample4.c42.s1"><qs/>"I don't know what to do!"<qe/> cried Scrooge,
                laughing and crying in the same breath; and making a perfect Laocooen of himself
                with his stockings.</s>
            <s sid="2" id="sample4.c42.s2"><qs/>"I am as light as a feather, I am as happy as an
                angel, I am as merry as a schoolboy.</s>
            <s sid="3" id="sample4.c42.s3">I am as giddy as a drunken man.</s>
            <s sid="4" id="sample4.c42.s4">A merry Christmas to everybody!</s>
            <s sid="5" id="sample4.c42.s5">A happy New Year to all the world.</s>
            <s sid="6" id="sample4.c42.s6">Hallo here!</s>
            <s sid="7" id="sample4.c42.s7">Whoop!</s>
            <s sid="8" id="sample4.c42.s8">Hallo!"<qe/></s>
        </p>
    </div>
    <div book="sample4" num="43">
        <p pid="34" id="DS.c12.p34" type="speech">
            <s sid="1" id="sample4.c43.s1"><qs/>'You're a very small chap;'<qe/> said Mr Toots.</s>
        </p>
    </div>
    <div book="sample4" num="44">
        <p pid="69" id="BH.c47.p69" type="speech">
            <s sid="1" id="sample4.c44.s1"><qs/>"Sore?"<qe/></s>
            <s sid="2" id="sample4.c44.s2">The trooper plants his legs wider apart, wets the palm of
                his broad right hand, and lays it on the imaginary moustache.</s>
            <s sid="3" id="sample4.c44.s3"><qs/>"It's no fault of yours, sir; but you shall judge.</s>
            <s sid="4" id="sample4.c44.s4">He has got a power over me.</s>
            <s sid="5" id="sample4.c44.s5">He is the man I spoke of just now as being able to tumble
                me out of this place neck and crop.</s>
            <s sid="6" id="sample4.c44.s6">He keeps me on a constant see-saw.</s>
            <s sid="7" id="sample4.c44.s7">He won't hold off, and he won't come on.</s>
            <s sid="8" id="sample4.c44.s8">If I have a payment to make him, or time to ask him for,
                or anything to go to him about, he don't see me, don't hear me--passes me on to
                Melchisedech's in Clifford's Inn, Melchisedech's in Clifford's Inn passes me back
                again to him--he keeps me prowling and dangling about him as if I was made of the
                same stone as himself.</s>
            <s sid="9" id="sample4.c44.s9">Why, I spend half my life now, pretty well, loitering and
                dodging about his door.</s>
            <s sid="10" id="sample4.c44.s10">What does he care?</s>
            <s sid="11" id="sample4.c44.s11">Nothing.</s>
            <s sid="12" id="sample4.c44.s12">Just as much as the rusty old carbine I have compared
                him to.</s>
            <s sid="13" id="sample4.c44.s13">He chafes and goads me till-- Bah!</s>
            <s sid="14" id="sample4.c44.s14">Nonsense!</s>
            <s sid="15" id="sample4.c44.s15">I am forgetting myself.</s>
            <s sid="16" id="sample4.c44.s16">Mr. Woodcourt,"<qe/><sls/> the trooper resumes his
                march, <sle/><qs/>"all I say is, he is an old man; but I am glad I shall never have
                the chance of setting spurs to my horse and riding at him in a fair field.</s>
            <s sid="17" id="sample4.c44.s17">For if I had that chance, in one of the humours he
                drives me into--he'd go down, sir!"<qe/></s>
        </p>
    </div>
    <div book="sample4" num="45">
        <p pid="10" id="DS.c46.p10" type="speech">
            <s sid="1" id="sample4.c45.s1"><qs/>'He changed!'<qe/> returned the other.</s>
            <s sid="2" id="sample4.c45.s2"><qs/>'What for?</s>
            <s sid="3" id="sample4.c45.s3">What has he suffered?</s>
            <s sid="4" id="sample4.c45.s4">There is change enough for twenty in me.</s>
            <s sid="5" id="sample4.c45.s5">Isn't that enough?'<qe/></s>
        </p>
    </div>
    <div book="sample4" num="46">
        <p pid="14" id="DS.c13.p14" type="speech">
            <s sid="1" id="sample4.c46.s1"><qs/>'Any news of the young gentleman who is so important
                to us all?'<qe/> asked Carker, with his whole regiment of teeth on parade.</s>
        </p>
    </div>
    <div book="sample4" num="47">
        <p pid="41" id="DS.c47.p41" type="speech">
            <s sid="1" id="sample4.c47.s1">From that hour, Florence and she were, as they had been,
                no more.</s>
            <s sid="2" id="sample4.c47.s2">For days together, they would seldom meet, except at
                table, and when Mr Dombey was present.</s>
            <s sid="3" id="sample4.c47.s3">Then Edith, imperious, inflexible, and silent, never
                looked at her.</s>
            <s sid="4" id="sample4.c47.s4">Whenever Mr Carker was of the party, as he often was,
                during the progress of Mr Dombey's recovery, and afterwards, Edith held herself more
                removed from her, and was more distant towards her, than at other times.</s>
            <s sid="5" id="sample4.c47.s5">Yet she and Florence never encountered, when there was no
                one by, but she would embrace her as affectionately as of old, though not with the
                same relenting of her proud aspect; and often, when she had been out late, she would
                steal up to Florence's room, as she had been used to do, in the dark, and whisper
                <qs/>'Good-night,'<qe/> on her pillow.</s>
            <s sid="6" id="sample4.c47.s6">When unconscious, in her slumber, of such visits,
                Florence would sometimes awake, as from a dream of those words, softly spoken, and
                would seem to feel the touch of lips upon her face.</s>
            <s sid="7" id="sample4.c47.s7">But less and less often as the months went on.</s>
        </p>
    </div>
    <div book="sample4" num="48">
        <p pid="40" id="OT.c35.p40" type="speech">
            <s sid="1" id="sample4.c48.s1"><qs/>'If your inclinations chime with your sense of
                duty--'<qe/> Harry began.</s>
        </p>
    </div>
    <div book="sample4" num="49">
        <p pid="28" id="BH.c8.p28" type="speech">
            <s sid="1" id="sample4.c49.s1"><qs/>"Why, so it is,"<qe/><sls/> he answered much more
                cheerfully; <sle/><qs/>"and it is wisdom in you to keep me to the bright side of the
                picture."<qe/></s>
            <s sid="2" id="sample4.c49.s2">(The idea of my wisdom!)</s>
            <s sid="3" id="sample4.c49.s3"><qs/>"These are things I never talk about or even think
                about, excepting in the growlery here.</s>
            <s sid="4" id="sample4.c49.s4">If you consider it right to mention them to Rick and
                Ada,"<qe/><sss/> looking seriously at me, <sse/><qs/>"you can.</s>
            <s sid="5" id="sample4.c49.s5">I leave it to your discretion, Esther."<qe/></s>
        </p>
    </div>
    <div book="sample4" num="50">
        <p pid="77" id="DC.c13.p77" type="speech">
            <s sid="1" id="sample4.c50.s1"><qs/>'This is Miss Trotwood's,'<qe/> said the young
                woman.</s>
            <s sid="2" id="sample4.c50.s2"><qs/>'Now you know; and that's all I have got to
                say.'<qe/></s>
            <s sid="3" id="sample4.c50.s3">With which words she hurried into the house, as if to
                shake off the responsibility of my appearance; and left me standing at the
                garden-gate, looking disconsolately over the top of it towards the parlour window,
                where a muslin curtain partly undrawn in the middle, a large round green screen or
                fan fastened on to the windowsill, a small table, and a great chair, suggested to me
                that my aunt might be at that moment seated in awful state.</s>
        </p>
    </div>
    <div book="sample4" num="51">
        <p pid="13" id="BH.c4.p13" type="speech">
            <s sid="1" id="sample4.c51.s1"><qs/>"I can't say I know where it is, for I come from
                Winchester and am strange in London."<qe/></s>
        </p>
    </div>
    <div book="sample4" num="52">
        <p pid="24" id="DS.c21.p24" type="speech">
            <s sid="1" id="sample4.c52.s1"><qs/>'Edith of course does not,'<qe/> said Mrs Skewton,
                with a ghastly archness.</s>
        </p>
    </div>
    <div book="sample4" num="53">
        <p pid="81" id="CC.c3.p81" type="speech">
            <s sid="1" id="sample4.c53.s1"><qs/>"My dear,"<qe/><sss/> was Bob's mild answer,
                <sse/><qs/>"Christmas Day."<qe/></s>
        </p>
    </div>
    <div book="sample4" num="54">
        <p pid="95" id="DS.c61.p95" type="speech">
            <s sid="1" id="sample4.c54.s1"><qs/>'Strange words in my own ears,'<qe/><sss/> said
                Edith, <sse/><qs/>'and foreign to the sound of my own voice!</s>
            <s sid="2" id="sample4.c54.s2">But even if I had been the wretched creature I have given
                him occasion to believe me, I think I could have said them still, hearing that you
                and he were very dear to one another.</s>
            <s sid="3" id="sample4.c54.s3">Let him, when you are dearest, ever feel that he is most
                forbearing in his thoughts of me--that I am most forbearing in my thoughts of him!</s>
            <s sid="4" id="sample4.c54.s4">Those are the last words I send him!</s>
            <s sid="5" id="sample4.c54.s5">Now, goodbye, my life!'<qe/></s>
        </p>
    </div>
    <div book="sample4" num="55">
        <p pid="84" id="DS.c5.p84" type="speech">
            <s sid="1" id="sample4.c55.s1"><qs/>'How do you do, Sir?'<qe/> said Chick.</s>
        </p>
    </div>
    <div book="sample4" num="56">
        <p pid="59" id="OT.c41.p59" type="speech">
            <s sid="1" id="sample4.c56.s1"><qs/>'Never mind where,'<qe/> interposed Mr. Brownlow.</s>
            <s sid="2" id="sample4.c56.s2"><qs/>'But reflect whether sending them anywhere is likely
                to attain the object we have in view.'<qe/></s>
        </p>
    </div>
    <div book="sample4" num="57">
        <p pid="22" id="GE.c19.p22" type="speech">
            <s sid="1" id="sample4.c57.s1"><qs/>"Oh, his manners! won't his manners do, then?"<qe/>
                asked Biddy, plucking a black-currant leaf.</s>
        </p>
    </div>
    <div book="sample4" num="58">
        <p pid="41" id="OT.c44.p41" type="speech">
            <s sid="1" id="sample4.c58.s1"><qs/>'Nor I,'<qe/> said Sikes.</s>
            <s sid="2" id="sample4.c58.s2"><qs/>'I think she's got a touch of that fever in her
                blood yet, and it won't come out--eh?'<qe/></s>
        </p>
    </div>
    <div book="sample4" num="59">
        <p pid="108" id="BH.c60.p108" type="speech">
            <s sid="1" id="sample4.c59.s1"><qs/>"All true,"<qe/><sss/> said Ada, <sse/><qs/>"but
                that he is such a devoted friend to us we owe to you."<qe/></s>
        </p>
    </div>
    <div book="sample4" num="60">
        <p pid="21" id="LD.c30.p21" type="speech">
            <s sid="1" id="sample4.c60.s1"><qs/>'You are so like a friend of mine!</s>
            <s sid="2" id="sample4.c60.s2">Not so identically the same as I supposed when I really
                did for the moment take you to be the same in the dusk--for which I ought to
                apologise; permit me to do so; a readiness to confess my errors is, I hope, a part
                of the frankness of my character--still, however, uncommonly like.'<qe/></s>
        </p>
    </div>
    <div book="sample4" num="61">
        <p pid="103" id="OMF.c30.p103" type="speech">
            <s sid="1" id="sample4.c61.s1">He went down to his room, and buried John Harmon many
                additional fathoms deep.</s>
            <s sid="2" id="sample4.c61.s2">He took his hat, and walked out, and, as he went to
                Holloway or anywhere else--not at all minding where-- heaped mounds upon mounds of
                earth over John Harmon's grave.</s>
            <s sid="3" id="sample4.c61.s3">His walking did not bring him home until the dawn of day.</s>
            <s sid="4" id="sample4.c61.s4">And so busy had he been all night, piling and piling
                weights upon weights of earth above John Harmon's grave, that by that time John
                Harmon lay buried under a whole Alpine range; and still the Sexton Rokesmith
                accumulated mountains over him, lightening his labour with the dirge, <qs/>'Cover
                him, crush him, keep him down!'<qe/></s>
        </p>
    </div>
    <div book="sample4" num="62">
        <p pid="50" id="BR.c43.p50" type="speech">
            <s sid="1" id="sample4.c62.s1">The infatuated nobleman had glanced more than once at Sir
                John Chester, as if to inquire whether there was any truth in these statements
                concerning Gashford, and Sir John had as often plainly answered by a shrug or look,
                <qs/>'Oh dear me! no.'<qe/></s>
            <s sid="2" id="sample4.c62.s2">He now said, in the same loud key, and in the same
                strange manner as before:</s>
        </p>
    </div>
    <div book="sample4" num="63">
        <p pid="74" id="MC.c9.p74" type="speech">
            <s sid="1" id="sample4.c63.s1"><qs/>'Ha, ha!'<qe/> cried Mr Pecksniff softly.</s>
            <s sid="2" id="sample4.c63.s2"><qs/>'All right!</s>
            <s sid="3" id="sample4.c63.s3">He has found I'm professional.</s>
            <s sid="4" id="sample4.c63.s4">He heard me inside just now, I have no doubt.</s>
            <s sid="5" id="sample4.c63.s5">Don't look!</s>
            <s sid="6" id="sample4.c63.s6">With regard to the fluted pillars in the portico, my
                dears--'<qe/></s>
        </p>
    </div>
    <div book="sample4" num="64">
        <p pid="13" id="DS.c44.p13" type="speech">
            <s sid="1" id="sample4.c64.s1"><qs/>'No one could be anything but true and faithful to
                Miss Floy, Sir,'<qe/><sss/> pursued Susan, <sse/><qs/>'and I take no merit for my
                service of twelve year, for I love her--yes, I say to some and all I do!'<qe/>--and
                here the black-eyed shook her head again, and slightly stamped her foot again, and
                checked a sob; <qs/>'but true and faithful service gives me right to speak I hope, and
                speak I must and will now, right or wrong.<qe/></s>
        </p>
    </div>
    <div book="sample4" num="65">
        <p pid="30" id="DS.c30.p30" type="speech">
            <s sid="1" id="sample4.c65.s1"><qs/>'Do so.</s>
            <s sid="2" id="sample4.c65.s2">I rely on that promise.</s>
            <s sid="3" id="sample4.c65.s3">Now, prepare to come with me, dear girl.</s>
            <s sid="4" id="sample4.c65.s4">You will find me downstairs when you are ready.'<qe/></s>
        </p>
    </div>
    <div book="sample4" num="66">
        <p pid="7" id="DC.c24.p7" type="speech">
            <s sid="1" id="sample4.c66.s1"><qs/>'My dear Steerforth,'<qe/><sss/> cried I,
                <sse/><qs/>'I began to think I should never see you again!'<qe/></s>
        </p>
    </div>
    <div book="sample4" num="67">
        <p pid="15" id="OCS.c58.p15" type="speech">
            <s sid="1" id="sample4.c67.s1"><qs/>'Not half what Miss Sally is, he isn't,'<qe/>
                replied the small servant, shaking her head.</s>
            <s sid="2" id="sample4.c67.s2"><qs/>'Bless you, he'd never do anything without
                her.'<qe/></s>
        </p>
    </div>
    <div book="sample4" num="68">
        <p pid="84" id="DS.c56.p84" type="speech">
            <s sid="1" id="sample4.c68.s1"><qs/>'Yes, my life?'<qe/></s>
        </p>
    </div>
    <div book="sample4" num="69">
        <p pid="53" id="NN.c34.p53" type="speech">
            <s sid="1" id="sample4.c69.s1"><qs/>'To put him,'<qe/><sls/> said Madame Mantalini,
                looking at Ralph, and prudently abstaining from the slightest glance at her husband,
                lest his many graces should induce her to falter in her resolution, <sle/><qs/>'to
                put him upon a fixed allowance; and I say that if he has a hundred and twenty pounds
                a year for his clothes and pocket-money, he may consider himself a very fortunate
                man.'<qe/></s>
        </p>
    </div>
    <div book="sample4" num="70">
        <p pid="41" id="LD.c30.p41" type="speech">
            <s sid="1" id="sample4.c70.s1"><qs/>'Blandois, you shall turn the tables on society, my
                little child.</s>
            <s sid="2" id="sample4.c70.s2">Haha!</s>
            <s sid="3" id="sample4.c70.s3">Holy blue, you have begun well, Blandois!</s>
            <s sid="4" id="sample4.c70.s4">At a pinch, an excellent master in English or French; a
                man for the bosom of families!</s>
            <s sid="5" id="sample4.c70.s5">You have a quick perception, you have humour, you have
                ease, you have insinuating manners, you have a good appearance; in effect, you are a
                gentleman!</s>
            <s sid="6" id="sample4.c70.s6">A gentleman you shall live, my small boy, and a gentleman
                you shall die.</s>
            <s sid="7" id="sample4.c70.s7">You shall win, however the game goes.</s>
            <s sid="8" id="sample4.c70.s8">They shall all confess your merit, Blandois.</s>
            <s sid="9" id="sample4.c70.s9">You shall subdue the society which has grievously wronged
                you, to your own high spirit.</s>
            <s sid="10" id="sample4.c70.s10">Death of my soul!</s>
            <s sid="11" id="sample4.c70.s11">You are high spirited by right and by nature, my
                Blandois!'<qe/></s>
        </p>
    </div>
    <div book="sample4" num="71">
        <p pid="104" id="PP.c18.p104" type="speech">
            <s sid="1" id="sample4.c71.s1"><qs/>'Dodson and Fogg,'<qe/> he repeated
            mechanically.</s>
        </p>
    </div>
    <div book="sample4" num="72">
        <p pid="11" id="MC.c45.p11" type="speech">
            <s sid="1" id="sample4.c72.s1"><qs/>'You are waiting for your brother,'<qe/> said John.</s>
            <s sid="2" id="sample4.c72.s2"><qs/>'Let me bear you company.'<qe/></s>
        </p>
    </div>
    <div book="sample4" num="73">
        <p pid="58" id="DS.c14.p58" type="speech">
            <s sid="1" id="sample4.c73.s1"><qs/>'If I grow up,'<qe/> said Paul.</s>
            <s sid="2" id="sample4.c73.s2">Then he went on immediately to tell Mrs Pipchin all about
                the party, about Florence's invitation, about the pride he would have in the
                admiration that would be felt for her by all the boys, about their being so kind to
                him and fond of him, about his being so fond of them, and about his being so glad of
                it.</s>
            <s sid="3" id="sample4.c73.s3">Then he told Mrs Pipchin about the analysis, and about
                his being certainly old-fashioned, and took Mrs Pipchin's opinion on that point, and
                whether she knew why it was, and what it meant.</s>
            <s sid="4" id="sample4.c73.s4">Mrs Pipchin denied the fact altogether, as the shortest
                way of getting out of the difficulty; but Paul was far from satisfied with that
                reply, and looked so searchingly at Mrs Pipchin for a truer answer, that she was
                obliged to get up and look out of the window to avoid his eyes.</s>
        </p>
    </div>
    <div book="sample4" num="74">
        <p pid="66" id="BH.c14.p66" type="speech">
            <s sid="1" id="sample4.c74.s1"><qs/>"I am very happy to see Miss Jellyby's friend,"<qe/>
                he said, bowing low to me.</s>
            <s sid="2" id="sample4.c74.s2"><qs/>"I began to fear,"<qe/><sss/> with timid tenderness,
                <sse/><qs/>"as it was past the usual time, that Miss Jellyby was not
            coming."<qe/></s>
        </p>
    </div>
    <div book="sample4" num="75">
        <p pid="176" id="CH.c2.p176" type="speech">
            <s sid="1" id="sample4.c75.s1"><qs/>'To be--to be blind, Bertha, my poor
                dear,'<qe/><sss/> he faltered, <sse/><qs/>'is a great affliction; but--'<qe/></s>
        </p>
    </div>
    <div book="sample4" num="76">
        <p pid="34" id="TTC.c18.p34" type="speech">
            <s sid="1" id="sample4.c76.s1"><qs/>"Then you mean to tell me, Mr. Lorry,"<qe/><sls/>
                said Stryver, squaring his elbows, <sle/><qs/>"that it is your deliberate opinion
                that the young lady at present in question is a mincing Fool?"<qe/></s>
        </p>
    </div>
    <div book="sample4" num="77">
        <p pid="131" id="BH.c22.p131" type="speech">
            <s sid="1" id="sample4.c77.s1"><qs/>"Well, Bucket?"<qe/> quoth Mr. Tulkinghorn on his
                return.</s>
        </p>
    </div>
    <div book="sample4" num="78">
        <p pid="135" id="MC.c12.p135" type="speech">
            <s sid="1" id="sample4.c78.s1"><qs/>'Ill!'<qe/><sls/> said the other, giving his hand a
                hearty squeeze; <sle/><qs/>'why what do you think I am made of?</s>
            <s sid="2" id="sample4.c78.s2">Mr Tigg and I are not on such an intimate footing that
                you need be at all uneasy, I give you my solemn assurance of that, Tom.</s>
            <s sid="3" id="sample4.c78.s3">You are quite comfortable now?'<qe/></s>
        </p>
    </div>
    <div book="sample4" num="79">
        <p pid="32" id="OMF.c12.p32" type="speech">
            <s sid="1" id="sample4.c79.s1"><qs/>'My dear Mortimer, you have studied my character.</s>
            <s sid="2" id="sample4.c79.s2">Could I possibly go down there, labelled <alt-qs/>"ELIGIBLE.</s>
            <s sid="3" id="sample4.c79.s3">ON VIEW,"<alt-qe/> and meet the lady, similarly labelled?</s>
            <s sid="4" id="sample4.c79.s4">Anything to carry out M. R.</s>
            <s sid="5" id="sample4.c79.s5">F.'s arrangements, I am sure, with the greatest
                pleasure--except matrimony.</s>
            <s sid="6" id="sample4.c79.s6">Could I possibly support it?</s>
            <s sid="7" id="sample4.c79.s7">I, so soon bored, so constantly, so fatally?'<qe/></s>
        </p>
    </div>
    <div book="sample4" num="80">
        <p pid="15" id="MC.c16.p15" type="speech">
            <s sid="1" id="sample4.c80.s1"><qs/>'You have brought, I see, sir,'<qe/><sls/> he said,
                turning round towards Martin, and resting his chin on the top of his stick,
                <sle/><qs/>'the usual amount of misery and poverty and ignorance and crime, to be
                located in the bosom of the great Republic.</s>
            <s sid="2" id="sample4.c80.s2">Well, sir! let 'em come on in shiploads from the old
                country.</s>
            <s sid="3" id="sample4.c80.s3">When vessels are about to founder, the rats are said to
                leave 'em.</s>
            <s sid="4" id="sample4.c80.s4">There is considerable of truth, I find, in that
                remark.'<qe/></s>
        </p>
    </div>
    <div book="sample4" num="81">
        <p pid="47" id="GE.c43.p47" type="speech">
            <s sid="1" id="sample4.c81.s1"><qs/>"Mr. Drummle, I did not seek this conversation, and
                I don't think it an agreeable one."<qe/></s>
        </p>
    </div>
    <div book="sample4" num="82">
        <p pid="64" id="DC.c30.p64" type="speech">
            <s sid="1" id="sample4.c82.s1"><qs/>'He's a going out with the tide,'<qe/> said Mr.
                Peggotty to me, behind his hand.</s>
        </p>
    </div>
    <div book="sample4" num="83">
        <p pid="126" id="DS.c6.p126" type="speech">
            <s sid="1" id="sample4.c83.s1"><qs/>'What do you advise, Mr Carker?'<qe/> said Walter,
                smiling.</s>
            <s sid="2" id="sample4.c83.s2"><qs/>'You always give me good advice, you know, when you
                do speak to me.</s>
            <s sid="3" id="sample4.c83.s3">That's not often, though.'<qe/></s>
        </p>
    </div>
    <div book="sample4" num="84">
        <p pid="2" id="DS.c40.p2" type="speech">
            <s sid="1" id="sample4.c84.s1">Towards his first wife, Mr Dombey, in his cold and lofty
                arrogance, had borne himself like the removed Being he almost conceived himself to
                be.</s>
            <s sid="2" id="sample4.c84.s2">He had been <qs/>'Mr Dombey'<qe/> with her when she first saw him,
                and he was <qs/>'Mr Dombey'<qe/> when she died.</s>
            <s sid="3" id="sample4.c84.s3">He had asserted his greatness during their whole married
                life, and she had meekly recognised it.</s>
            <s sid="4" id="sample4.c84.s4">He had kept his distant seat of state on the top of his
                throne, and she her humble station on its lowest step; and much good it had done
                him, so to live in solitary bondage to his one idea.</s>
            <s sid="5" id="sample4.c84.s5">He had imagined that the proud character of his second
                wife would have been added to his own--would have merged into it, and exalted his
                greatness.</s>
            <s sid="6" id="sample4.c84.s6">He had pictured himself haughtier than ever, with Edith's
                haughtiness subservient to his.</s>
            <s sid="7" id="sample4.c84.s7">He had never entertained the possibility of its arraying
                itself against him.</s>
            <s sid="8" id="sample4.c84.s8">And now, when he found it rising in his path at every
                step and turn of his daily life, fixing its cold, defiant, and contemptuous face
                upon him, this pride of his, instead of withering, or hanging down its head beneath
                the shock, put forth new shoots, became more concentrated and intense, more gloomy,
                sullen, irksome, and unyielding, than it had ever been before.</s>
        </p>

    </div>
    <div book="sample4" num="85">
        <p pid="28" id="LD.c12.p28" type="speech">
            <s sid="1" id="sample4.c85.s1"><qs/>'No,'<qe/><sss/> said Arthur, <sse/><qs/>'I know
                your kind offices at second hand, but on the best authority; through Little
                Dorrit.--I mean,'<qe/><sss/> he explained, <sse/><qs/>'Miss Dorrit.'<qe/></s>
        </p>
    </div>
    <div book="sample4" num="86">
        <p pid="10" id="OCS.c46.p10" type="speech">
            <s sid="1" id="sample4.c86.s1"><qs/>'I should give her,'<qe/><sls/> said the doctor at
                length, <sle/><qs/>'a tea-spoonful, every now and then, of hot brandy and
                water.'<qe/></s>
        </p>
    </div>
    <div book="sample4" num="87">
        <p pid="56" id="OMF.c19.p56" type="speech">
            <s sid="1" id="sample4.c87.s1"><qs/>'Take all the consequences,'<qe/><sss/> laughed
                Eugene, <sse/><qs/>'and take away my disappointment.</s>
            <s sid="2" id="sample4.c87.s2">Lizzie Hexam, as I truly respect you, and as I am your
                friend and a poor devil of a gentleman, I protest I don't even now understand why
                you hesitate.'<qe/></s>
        </p>
    </div>
    <div book="sample4" num="88">
        <p pid="1" id="MC.c19.p1" type="speech">
            <s sid="1" id="sample4.c88.s1">Mr Pecksniff was in a hackney cabriolet, for Jonas
                Chuzzlewit had said <qs/>'Spare no expense.'<qe/></s>
            <s sid="2" id="sample4.c88.s2">Mankind is evil in its thoughts and in its base
                constructions, and Jonas was resolved it should not have an inch to stretch into an
                ell against him.</s>
            <s sid="3" id="sample4.c88.s3">It never should be charged upon his father's son that he
                had grudged the money for his father's funeral.</s>
            <s sid="4" id="sample4.c88.s4">Hence, until the obsequies should be concluded, Jonas had
                taken for his motto <qs/>'Spend, and spare not!'<qe/></s>
        </p>
    </div>
    <div book="sample4" num="89">
        <p pid="83" id="LD.c50.p83" type="speech">
            <s sid="1" id="sample4.c89.s1"><qs/>'So far from it, my adorable girl,'<qe/><sss/>
                answered Mr Sparkler, <sse/><qs/>'I apologise for having said so much.'<qe/></s>
        </p>
    </div>
    <div book="sample4" num="90">
        <p pid="5" id="ED.c7.p5" type="speech">
            <s sid="1" id="sample4.c90.s1"><qs/>'To BE my guardian?</s>
            <s sid="2" id="sample4.c90.s2">I'll tell you, sir.</s>
            <s sid="3" id="sample4.c90.s3">I suppose you know that we come (my sister and I) from
                Ceylon?'<qe/></s>
        </p>
    </div>
    <div book="sample4" num="91">
        <p pid="7" id="OCS.c65.p7" type="speech">
            <s sid="1" id="sample4.c91.s1">She had hardly taken this position, when there came
                dancing up the street, with his legs all wrong, and his head everywhere by turns, a
                pony.</s>
            <s sid="2" id="sample4.c91.s2">This pony had a little phaeton behind him, and a man in
                it; but neither man nor phaeton seemed to embarrass him in the least, as he reared
                up on his hind legs, or stopped, or went on, or stood still again, or backed, or
                went side-ways, without the smallest reference to them--just as the fancy seized
                him, and as if he were the freest animal in creation.</s>
            <s sid="3" id="sample4.c91.s3">When they came to the notary's door, the man called out
                in a very respectful manner, <qs/>'Woa then'<qe/>--intimating that if he might
                venture to express a wish, it would be that they stopped there.</s>
            <s sid="4" id="sample4.c91.s4">The pony made a moment's pause; but, as if it occurred to
                him that to stop when he was required might be to establish an inconvenient and
                dangerous precedent, he immediately started off again, rattled at a fast trot to the
                street corner, wheeled round, came back, and then stopped of his own accord.</s>
        </p>
    </div>
    <div book="sample4" num="92">
        <p pid="9" id="OMF.c39.p9" type="speech">
            <s sid="1" id="sample4.c92.s1"><qs/>'And you come, brother,'<qe/><sls/> said Mr Wegg, in
                a hospitable glow, <sle/><qs/>'you come like I don't know what--exactly like it--I
                shouldn't know you from it--shedding a halo all around you.'<qe/></s>
        </p>
    </div>
    <div book="sample4" num="93">
        <p pid="142" id="LD.c24.p142" type="speech">
            <s sid="1" id="sample4.c93.s1"><qs/>'Nor the tiny woman hers?'<qe/> said Maggy.</s>
        </p>
    </div>
    <div book="sample4" num="94">
        <p pid="79" id="OT.c14.p79" type="speech">
            <s sid="1" id="sample4.c94.s1"><qs/>'Yes; do let me take them, if you please, sir,'<qe/>
                said Oliver.</s>
            <s sid="2" id="sample4.c94.s2"><qs/>'I'll run all the way, sir.'<qe/></s>
        </p>
    </div>
    <div book="sample4" num="95">
        <p pid="100" id="CC.c4.p100" type="speech">
            <s sid="1" id="sample4.c95.s1"><qs/>"What the half-drunken woman whom I told you of last
                night, said to me, when I tried to see him and obtain a week's delay; and what I
                thought was a mere excuse to avoid me; turns out to have been quite true.</s>
            <s sid="2" id="sample4.c95.s2">He was not only very ill, but dying, then."<qe/></s>
        </p>
    </div>
    <div book="sample4" num="96">
        <p pid="119" id="CHI.c4.p119" type="speech">
            <s sid="1" id="sample4.c96.s1"><qs/>'Now, turn her back!'<qe/> exclaimed the old man,
                tearing his white hair.</s>
            <s sid="2" id="sample4.c96.s2"><qs/>'My child!</s>
            <s sid="3" id="sample4.c96.s3">Meg!</s>
            <s sid="4" id="sample4.c96.s4">Turn her back!</s>
            <s sid="5" id="sample4.c96.s5">Great Father, turn her back!'<qe/></s>
        </p>
    </div>
    <div book="sample4" num="97">
        <p pid="17" id="OCS.c38.p17" type="speech">
            <s sid="1" id="sample4.c97.s1"><qs/>'That's the lad,'<qe/> said Mr Witherden.</s>
            <s sid="2" id="sample4.c97.s2"><qs/>'He fell in with my client, Mr Garland, sir, at this
                very door.</s>
            <s sid="3" id="sample4.c97.s3">I have reason to think he is a good lad, sir, and that
                you may believe what he says.</s>
            <s sid="4" id="sample4.c97.s4">Let me introduce Mr Abel Garland, sir--his young master;
                my articled pupil, sir, and most particular friend:--my most particular friend,
                sir,'<qe/> repeated the Notary, drawing out his silk handkerchief and flourishing it
                about his face.</s>
        </p>
    </div>
    <div book="sample4" num="98">
        <p pid="98" id="HT.c24.p98" type="speech">
            <s sid="1" id="sample4.c98.s1"><qs/>'In short,'<qe/><sls/> resumed Tom, as if he had
                made up his mind, <sle/><qs/>'if you come to that, perhaps I was so far from being
                altogether in his favour, that I took him outside the door to tell him quietly, that
                I thought he might consider himself very well off to get such a windfall as he had
                got from my sister, and that I hoped he would make good use of it.</s>
            <s sid="2" id="sample4.c98.s2">You remember whether I took him out or not.</s>
            <s sid="3" id="sample4.c98.s3">I say nothing against the man; he may be a very good
                fellow, for anything I know; I hope he is.'<qe/></s>
        </p>
    </div>
    <div book="sample4" num="99">
        <p pid="118" id="OMF.c5.p118" type="speech">
            <s sid="1" id="sample4.c99.s1">Presently, Edward stopped at a gateway, and Wegg
                discreetly lost no time in slipping out at the back of the truck.</s>
            <s sid="2" id="sample4.c99.s2">The moment he was landed, his late driver with a wave of
                the carrot, said <qs/>'Supper, Eddard!'<qe/> and he, the hind hoofs, the truck, and
                Edward, all seemed to fly into the air together, in a kind of apotheosis.</s>
        </p>
    </div>
    <div book="sample4" num="100">
        <p pid="156" id="OMF.c23.p156" type="speech">
            <s sid="1" id="sample4.c100.s1"><qs/>'And my dear Mortimer,'<qe/><sls/> returned Eugene,
                lightly fanning away the smoke with his hand for the better exposition of his
                frankness of face and manner, <sle/><qs/>'believe me, I would answer them instantly
                if I could.</s>
            <s sid="2" id="sample4.c100.s2">But to enable me to do so, I must first have found out
                the troublesome conundrum long abandoned.</s>
            <s sid="3" id="sample4.c100.s3">Here it is.</s>
            <s sid="4" id="sample4.c100.s4">Eugene Wrayburn.'<qe/></s>
            <s sid="5" id="sample4.c100.s5">Tapping his forehead and breast.</s>
            <s sid="6" id="sample4.c100.s6"><qs/>'Riddle-me, riddle- me-ree, perhaps you can't tell
                me what this may be?--No, upon my life I can't.</s>
            <s sid="7" id="sample4.c100.s7">I give it up!'<qe/></s>
        </p>
    </div>
</samples>
