{"BH": "Bleak House", "DC": "David Copperfield", "HT": "Hard Times", "dorian": "The Picture of Dorian Gray", "BR": "Barnaby Rudge", "Prof": "The Professor", "OCS": "The Old Curiosity Shop", "DS": "Dombey and Son", "Tess": "Tess of the D'Urbervilles", "LD": "Little Dorrit", "sybil": "Sybil, or the two nations", "NN": "Nicholas Nickleby", "wwhite": "The Woman in White", "alli": "The Small House at Allington", "Deronda": "Daniel Deronda", "Jekyll": "The Strange Case of Dr Jekyll and Mr Hide", "dracula": "Dracula", "TTC": "A Tale of Two Cities", "cran": "Cranford", "persuasion": "Persuasion", "mary": "Mary Barton", "arma": "Armadale", "ED": "The Mystery of Edwin Drood", "Antoni": "Antonina, or the Fall of Rome", "PP": "Pickwick Papers", "Jude": "Jude the Obscure", "AgnesG": "Agnes Grey", "jane": "Jane Eyre", "GE": "Great Expectations", "VivianG": "Vivian Grey", "Pomp": "The Last Days of Pompeii", "wh": "Wuthering Heights", "vanity": "Vanity Fair", "pride": "Pride and Prejudice", "emma": "Emma", "OMF": "Our Mutual Friend", "MC": "Martin Chuzzlewit", "frank": "Frankenstein", "LadyAud": "Lady Audley's Secret", "native": "The Return of the Native", "NorthS": "North and South", "mill": "The Mill on the Floss", "OT": "Oliver Twist", "basker": "The Hound of the Baskervilles"}