<samples book="sample" num="1">
    <div book="sample1" num="1">
        <p pid="111" id="basker.c12.p111" type="speech">
            <s sid="1" id="sample1.c1.s1"><qs/>"It is Selden, the man who escaped from
                Princetown."
                <qe/>
            </s>
        </p>

    </div>

    <div book="sample1" num="2">
        <p pid="3" id="Pomp.c56.p3" type="speech">
            <s sid="1" id="sample1.c2.s1">GLAUCUS to his beloved Sallust--greeting and health!--You
                request me to visit you at Rome--no, Sallust, come rather to me at Athens!
            </s>
            <s sid="2" id="sample1.c2.s2">I have forsworn the Imperial City, its mighty tumult and
                hollow joys.
            </s>
            <s sid="3" id="sample1.c2.s3">In my own land henceforth I dwell for ever.</s>
            <s sid="4" id="sample1.c2.s4">The ghost of our departed greatness is dearer to me than
                the gaudy life of your loud prosperity.
            </s>
            <s sid="5" id="sample1.c2.s5">There is a charm to me which no other spot can supply, in
                the porticoes hallowed still by holy and venerable shades.
            </s>
            <s sid="6" id="sample1.c2.s6">In the olive-groves of Ilyssus I still hear the voice of
                poetry--on the heights of Phyle, the clouds of twilight seem yet the shrouds of
                departed freedom--the heralds--the heralds--of the morrow that shall come!
            </s>
            <s sid="7" id="sample1.c2.s7">You smile at my enthusiasm, Sallust!--better be hopeful in
                chains than resigned to their glitter.
            </s>
            <s sid="8" id="sample1.c2.s8">You tell me you are sure that I cannot enjoy life in these
                melancholy haunts of a fallen majesty.
            </s>
            <s sid="9" id="sample1.c2.s9">You dwell with rapture on the Roman splendors, and the
                luxuries of the imperial court.
            </s>
            <s sid="10" id="sample1.c2.s10">My Sallust--<alt-qs/>"non sum qualis eram"<alt-qe/>--I am not what I
                was!
            </s>
            <s sid="11" id="sample1.c2.s11">The events of my life have sobered the bounding blood of
                my youth.
            </s>
            <s sid="12" id="sample1.c2.s12">My health has never quite recovered its wonted
                elasticity ere it felt the pangs of disease, and languished in the damps of a
                criminal's dungeon.
            </s>
            <s sid="13" id="sample1.c2.s13">My mind has never shaken off the dark shadow of the Last
                Day of Pompeii--the horror and the desolation of that awful ruin!--Our beloved, our
                remembered Nydia!
            </s>
            <s sid="14" id="sample1.c2.s14">I have reared a tomb to her shade, and I see it every
                day from the window of my study.
            </s>
            <s sid="15" id="sample1.c2.s15">It keeps alive in me a tender recollection--a not
                unpleasing sadness--which are but a fitting homage to her fidelity, and the
                mysteriousness of her early death.
            </s>
            <s sid="16" id="sample1.c2.s16">Ione gathers the flowers, but my own hand wreathes them
                daily around the tomb.
            </s>
            <s sid="17" id="sample1.c2.s17">She was worthy of a tomb in Athens!</s>
        </p>

    </div>

    <div book="sample1" num="3">
        <p pid="67" id="vanity.c13.p67" type="speech">
            <s sid="1" id="sample1.c3.s1"><qs/>"I don't deny it; but people's positions alter,
                sir.
            </s>
            <s sid="2" id="sample1.c3.s2">I don't deny that Sedley made my fortune, or rather put me
                in the way of acquiring, by my own talents and genius, that proud position, which, I
                may say, I occupy in the tallow trade and the City of London.
            </s>
            <s sid="3" id="sample1.c3.s3">I've shown my gratitude to Sedley; and he's tried it of
                late, sir, as my cheque-book can show.
            </s>
            <s sid="4" id="sample1.c3.s4">George!</s>
            <s sid="5" id="sample1.c3.s5">I tell you in confidence I don't like the looks of Mr.
                Sedley's affairs.
            </s>
            <s sid="6" id="sample1.c3.s6">My chief clerk, Mr. Chopper, does not like the looks of
                'em, and he's an old file, and knows 'Change as well as any man in London.
            </s>
            <s sid="7" id="sample1.c3.s7">Hulker &amp; Bullock are looking shy at him.</s>
            <s sid="8" id="sample1.c3.s8">He's been dabbling on his own account I fear.</s>
            <s sid="9" id="sample1.c3.s9">They say the Jeune Amelie was his, which was taken by the
                Yankee privateer Molasses.
            </s>
            <s sid="10" id="sample1.c3.s10">And that's flat--unless I see Amelia's ten thousand down
                you don't marry her.
            </s>
            <s sid="11" id="sample1.c3.s11">I'll have no lame duck's daughter in my family.</s>
            <s sid="12" id="sample1.c3.s12">Pass the wine, sir--or ring for coffee."
                <qe/>
            </s>
        </p>

    </div>

    <div book="sample1" num="4">
        <p pid="38" id="alli.c47.p38" type="speech">
            <s sid="1" id="sample1.c4.s1"><qs/>"Oh--I didn't know.
            </s>
            <s sid="2" id="sample1.c4.s2">You didn't seem to like it the other day."
                <qe/>
            </s>
        </p>

    </div>

    <div book="sample1" num="5">
        <p pid="31" id="Jude.c44.p31" type="speech">
            <s sid="1" id="sample1.c5.s1">He got up, and went away into the closet adjoining her
                room, in which a bed had been spread on the floor.
            </s>
            <s sid="2" id="sample1.c5.s2">There she heard him say:</s>
            <s sid="3" id="sample1.c5.s3"><qs/>"If we children was gone there'd be no trouble at
                all!"
                <qe/>
            </s>
        </p>

    </div>

    <div book="sample1" num="6">
        <p pid="48" id="Pomp.c35.p48" type="speech">
            <s sid="1" id="sample1.c6.s1"><qs/>'Rise!'
                <qe/>
                <sls/>
                said he, touching the figure with
                his foot;
                <sle/>
                <qs/>'thou obstructest the way!'
                <qe/>
            </s>
        </p>

    </div>

    <div book="sample1" num="7">
        <p pid="58" id="dorian.c2.p58" type="speech">
            <s sid="1" id="sample1.c7.s1">After about a quarter of an hour Hallward stopped
                painting, looked for a long time at Dorian Gray, and then for a long time at the
                picture, biting the end of one of his huge brushes and frowning.
            </s>
            <s sid="2" id="sample1.c7.s2"><qs/>"It is quite finished,"
                <qe/>
                he cried at last, and
                stooping down he wrote his name in long vermilion letters on the left-hand corner of
                the canvas.
            </s>
        </p>

    </div>

    <div book="sample1" num="8">
        <p pid="64" id="alli.c44.p64" type="speech">
            <s sid="1" id="sample1.c8.s1"><qs/>"The quick seeing of the meaning must depend a little on
                the reader, must it not?"<qe/>
            </s>
            <s sid="2" id="sample1.c8.s2">said Mrs Dale.</s>
        </p>

    </div>

    <div book="sample1" num="9">
        <p pid="116" id="native.c5.p116" type="speech">
            <s sid="1" id="sample1.c9.s1">Wildeve laughed to himself, remained a moment thinking,
                and idly returned to the front room.
            </s>
            <s sid="2" id="sample1.c9.s2">Here his glance fell upon a bottle of wine which stood on
                the mantelpiece.
            </s>
            <s sid="3" id="sample1.c9.s3"><qs/>"Ah--old Dowden!"
                <qe/>
                <sls/>
                he murmured; and going
                to the kitchen door shouted,
                <sle/>
                <qs/>"Is anybody here who can take something to
                old Dowden?"
                <qe/>
            </s>
        </p>

    </div>

    <div book="sample1" num="10">
        <p pid="89" id="Pomp.c35.p89" type="speech">
            <s sid="1" id="sample1.c10.s1"><qs/>'We shall see,'
                <qe/>
                said the Egyptian.
            </s>
        </p>

    </div>

    <div book="sample1" num="11">
        <p pid="35" id="jane.c28.p35" type="speech">
            <s sid="1" id="sample1.c11.s1"><qs/>"No."
                <qe/>
            </s>
        </p>

    </div>

    <div book="sample1" num="12">
        <p pid="24" id="Deronda.c42.p24" type="speech">
            <s sid="1" id="sample1.c12.s1"><qs/>"Shall you come again?"
                <qe/>
                said Jacob,
                advancing.
            </s>
            <s sid="2" id="sample1.c12.s2"><qs/>"See, I can catch the ball; I'll bet I catch it
                without stopping, if you come again."
                <qe/>
            </s>
        </p>

    </div>

    <div book="sample1" num="13">
        <p pid="28" id="mill.c8.p28" type="speech">
            <s sid="1" id="sample1.c13.s1"><qs/>"I'm not denying that, brother, and I'm noways
                ungrateful,"
                <qe/>
                said poor Mrs. Moss, too fagged by toil and children to have
                strength left for any pride.
            </s>
            <s sid="2" id="sample1.c13.s2"><qs/>"But here's the father.
            </s>
            <s sid="3" id="sample1.c13.s3">What a while you've been, Moss!"
                <qe/>
            </s>
        </p>

    </div>

    <div book="sample1" num="15">
        <p pid="38" id="alli.c26.p38" type="speech">
            <s sid="1" id="sample1.c15.s1"><qs/>"No, my dear, I don't see that it can.
            </s>
            <s sid="2" id="sample1.c15.s2">We shall be up in town soon, and I will see as much as
                possible of Mr Crosbie.
            </s>
            <s sid="3" id="sample1.c15.s3">The marriage, I hope, will take place soon."
                <qe/>
            </s>
        </p>

    </div>

    <div book="sample1" num="16">
        <p pid="14" id="alli.c22.p14" type="speech">
            <s sid="1" id="sample1.c16.s1"><qs/>"Has the gentleman hurt hisself, my lord?"
                <qe/>
                asked the butler, looking at the blood upon our friend's face.
            </s>
        </p>

    </div>

    <div book="sample1" num="17">
        <p pid="51" id="sybil.c43.p51" type="speech">
            <s sid="1" id="sample1.c17.s1"><qs/>"Very well, we will talk then.
            </s>
            <s sid="2" id="sample1.c17.s2">Lady Charlotte has heard something; nous
                verrons."
                <qe/>
            </s>
        </p>

    </div>

    <div book="sample1" num="18">
        <p pid="18" id="alli.c23.p18" type="speech">
            <s sid="1" id="sample1.c18.s1"><qs/>"Well, sir?
            </s>
            <s sid="2" id="sample1.c18.s2">But you have no right to speak to me in that style.</s>
            <s sid="3" id="sample1.c18.s3">You know that you have no right to call me by my name in
                that way!"
                <qe/>
            </s>
        </p>

    </div>

    <div book="sample1" num="19">
        <p pid="64" id="mill.c46.p64" type="speech">
            <s sid="1" id="sample1.c19.s1"><qs/>"I believe so,"
                <qe/>
                said Philip, rather wondering
                at this sudden interest in his father's pursuits.
            </s>
        </p>

    </div>

    <div book="sample1" num="20">
        <p pid="24" id="sybil.c35.p24" type="speech">
            <s sid="1" id="sample1.c20.s1"><qs/>"What else can be his object?"
                <qe/>
                said Lady St
                Julians.
            </s>
            <s sid="2" id="sample1.c20.s2"><qs/>"People get into Parliament to get on; their aims
                are indefinite.
            </s>
            <s sid="3" id="sample1.c20.s3">If they have indulged in hallucinations about place
                before they enter the House, they are soon freed from such distempered fancies; they
                find they have no more talent than other people, and if they had, they learn that
                power, patronage and pay are reserved for us and our friends.
            </s>
            <s sid="4" id="sample1.c20.s4">Well then like practical men, they look to some result,
                and they get it.
            </s>
            <s sid="5" id="sample1.c20.s5">They are asked out to dinner more than they would be;
                they move rigmarole resolutions at nonsensical public meetings; and they get invited
                with their women to assemblies at their leader's where they see stars and blue
                ribbons, and above all, us, whom they little think in appearing on such occasions,
                make the greatest conceivable sacrifice.
            </s>
            <s sid="6" id="sample1.c20.s6">Well then, of course such people are entirely in one's
                power, if one only had time and inclination to notice them.
            </s>
            <s sid="7" id="sample1.c20.s7">You can do anything with them.</s>
            <s sid="8" id="sample1.c20.s8">Ask them to a ball, and they will give you their votes;
                invite them to dinner and if necessary they will rescind them; but cultivate them,
                remember their wives at assemblies and call their daughters, if possible, by their
                right names; and they will not only change their principles or desert their party
                for you; but subscribe their fortunes if necessary and lay down their lives in your
                service."
                <qe/>
            </s>
        </p>

    </div>

    <div book="sample1" num="21">
        <p pid="76" id="mill.c46.p76" type="speech">
            <s sid="1" id="sample1.c21.s1"><qs/>"Why?
            </s>
            <s sid="2" id="sample1.c21.s2">Would you buy the mill, papa, if he would part with
                it?"
                <qe/>
                said Lucy, eagerly.
            </s>
            <s sid="3" id="sample1.c21.s3"><qs/>"Oh, tell me everything; here, you shall have your
                snuff-box if you'll tell me.
            </s>
            <s sid="4" id="sample1.c21.s4">Because Maggie says all their hearts are set on Tom's
                getting back the mill some time.
            </s>
            <s sid="5" id="sample1.c21.s5">It was one of the last things her father said to Tom,
                that he must get back the mill."
                <qe/>
            </s>
        </p>

    </div>

    <div book="sample1" num="22">
        <p pid="26" id="Jude.c31.p26" type="speech">
            <s sid="1" id="sample1.c22.s1"><qs/>"Soo!"
                <qe/>
                he said (this being the way in which he
                pronounced her name).
            </s>
        </p>

    </div>

    <div book="sample1" num="23">
        <p pid="53" id="dorian.c18.p53" type="speech">
            <s sid="1" id="sample1.c23.s1"><qs/>"Disillusion."
                <qe/>
            </s>
        </p>

    </div>

    <div book="sample1" num="24">
        <p pid="14" id="Jude.c11.p14" type="speech">
            <s sid="1" id="sample1.c24.s1"><qs/>"Aunt--did my father ill-use my mother, and my aunt
                her husband?"
                <qe/>
                said Jude abruptly, sitting down by the fire.
            </s>
        </p>

    </div>

    <div book="sample1" num="26">
        <p pid="15" id="emma.c10.p15" type="speech">
            <s sid="1" id="sample1.c26.s1"><qs/>"I have none of the usual inducements of women to
                marry.
            </s>
            <s sid="2" id="sample1.c26.s2">Were I to fall in love, indeed, it would be a different
                thing! but I never have been in love; it is not my way, or my nature; and I do not
                think I ever shall.
            </s>
            <s sid="3" id="sample1.c26.s3">And, without love, I am sure I should be a fool to change
                such a situation as mine.
            </s>
            <s sid="4" id="sample1.c26.s4">Fortune I do not want; employment I do not want;
                consequence I do not want:
            </s>
            <s sid="5" id="sample1.c26.s5">I believe few married women are half as much mistress of
                their husband's house as I am of Hartfield; and never, never could I expect to be so
                truly beloved and important; so always first and always right in any man's eyes as I
                am in my father's."
                <qe/>
            </s>
        </p>

    </div>

    <div book="sample1" num="27">
        <p pid="48" id="Deronda.c40.p48" type="speech">
            <s sid="1" id="sample1.c27.s1"><qs/>"It will be seen--it will be declared,"
                <qe/>
                said
                Mordecai, triumphantly.
            </s>
            <s sid="2" id="sample1.c27.s2"><qs/>"The world grows, and its frame is knit together by the
                growing soul; dim, dim at first, then clearer and more clear, the consciousness
                discerns remote stirrings.
            </s>
            <s sid="3" id="sample1.c27.s3">As thoughts move within us darkly, and shake us before
                they are fully discerned--so events--so beings: they are knit with us in the growth
                of the world.
            </s>
            <s sid="4" id="sample1.c27.s4">You have risen within me like a thought not fully
                spelled; my soul is shaken before the words are all there.
            </s>
            <s sid="5" id="sample1.c27.s5">The rest will come--it will come."<qe/>.
            </s>
        </p>

    </div>

    <div book="sample1" num="28">
        <p pid="8" id="sybil.c36.p8" type="speech">
            <s sid="1" id="sample1.c28.s1"><qs/>"And that's the way to do the trick,"
                <qe/>
                said
                Dandy Mick.
            </s>
            <s sid="2" id="sample1.c28.s2"><qs/>"I wish he would say march, and no
                mistake."
                <qe/>
            </s>
        </p>

    </div>

    <div book="sample1" num="29">
        <p pid="23" id="alli.c19.p23" type="speech">
            <s sid="1" id="sample1.c29.s1"><qs/>"That's hardly fair upon mamma,"
                <qe/>
                said Bell,
                with some earnestness.
            </s>
            <s sid="2" id="sample1.c29.s2"><qs/>"She does not disapprove of him, and she never
                did.
            </s>
            <s sid="3" id="sample1.c29.s3">You know mamma well enough to be sure that she would not
                interfere with us in such a matter without very strong reason.
            </s>
            <s sid="4" id="sample1.c29.s4">As regards Mr Crosbie, she gave her consent without a
                moment's hesitation."
                <qe/>
            </s>
        </p>

    </div>

    <div book="sample1" num="30">
        <p pid="21" id="LadyAud.c35.p21" type="speech">
            <s sid="1" id="sample1.c30.s1"><qs/>"Oh, Robert!
            </s>
            <s sid="2" id="sample1.c30.s2">Robert! could you think so badly of me as to think I
                would not try to be a comfort to my father in his grief?"
                <qe/>
                she said,
                reproachfully.
            </s>
        </p>

    </div>

    <div book="sample1" num="31">
        <p pid="46" id="alli.c12.p46" type="speech">
            <s sid="1" id="sample1.c31.s1"><qs/>"Oh, yes, tell me everything."
                <qe/>
            </s>
        </p>

    </div>

    <div book="sample1" num="33">
        <p pid="10" id="wwhite.c49.p10" type="speech">
            <s sid="1" id="sample1.c33.s1"><qs/>"No. I only know why you are leaving
                London."
                <qe/>
            </s>
        </p>

    </div>

    <div book="sample1" num="34">
        <p pid="27" id="jane.c13.p27" type="speech">
            <s sid="1" id="sample1.c34.s1"><qs/>"I should be obliged to take time, sir, before I
                could give you an answer worthy of your acceptance: a present has many faces to it,
                has it not? and one should consider all, before pronouncing an opinion as to its
                nature."
                <qe/>
            </s>
        </p>

    </div>

    <div book="sample1" num="35">
        <p pid="53" id="Tess.c47.p53" type="speech">
            <s sid="1" id="sample1.c35.s1"><qs/>"You did."
                <qe/>
            </s>
        </p>

    </div>

    <div book="sample1" num="36">
        <p pid="34" id="Jude.c31.p34" type="speech">
            <s sid="1" id="sample1.c36.s1"><qs/>"Not to disturb you I came here, as it was so
                late."
                <qe/>
            </s>
        </p>

    </div>

    <div book="sample1" num="37">
        <p pid="64" id="Jude.c43.p64" type="speech">
            <s sid="1" id="sample1.c37.s1">The householder scrutinized Sue's figure a moment.</s>
            <s sid="2" id="sample1.c37.s2"><qs/>"We haven't any to let,"
                <qe/>
                said she, shutting the
                door.
            </s>
        </p>

    </div>

    <div book="sample1" num="38">
        <p pid="14" id="VivianG.c31.p14" type="speech">
            <s sid="1" id="sample1.c38.s1"><qs/>"How came you here?"
                <qe/>
                <sls/>
                and she rushed
                forward and wildly seized his hand, and then she muttered to herself,
                <sle/>
                <qs/>"'tis flesh."
                <qe/>
            </s>
        </p>

    </div>

    <div book="sample1" num="39">
        <p pid="5" id="pride.c13.p5" type="speech">
            <s sid="1" id="sample1.c39.s1"><qs/>"It is _not_ Mr. Bingley,"
                <qe/>
                <sss/>
                said her
                husband;
                <sse/>
                <qs/>"it is a person whom I never saw in the whole course of my
                life."
                <qe/>
            </s>
        </p>

    </div>

    <div book="sample1" num="40">
        <p pid="26" id="emma.c12.p26" type="speech">
            <s sid="1" id="sample1.c40.s1"><qs/>"And Mrs. Perry and the children, how are they? do the
                children grow?
            </s>
            <s sid="2" id="sample1.c40.s2">I have a great regard for Mr. Perry.</s>
            <s sid="3" id="sample1.c40.s3">I hope he will be calling soon.</s>
            <s sid="4" id="sample1.c40.s4">He will be so pleased to see my little ones."
                <qe/>
            </s>
        </p>

    </div>

    <div book="sample1" num="41">
        <p pid="34" id="jane.c24.p34" type="speech">
            <s sid="1" id="sample1.c41.s1"><qs/>"To women who please me only by their faces, I am
                the very devil when I find out they have neither souls nor hearts -- when they open
                to me a perspective of flatness, triviality, and perhaps imbecility, coarseness, and
                ill-temper: but to the clear eye and eloquent tongue, to the soul made of fire, and
                the character that bends but does not break -- at once supple and stable, tractable
                and consistent -- I am ever tender and true."
                <qe/>
            </s>
        </p>

    </div>

    <div book="sample1" num="42">
        <p pid="78" id="Deronda.c48.p78" type="speech">
            <s sid="1" id="sample1.c42.s1"><qs/>"I have only to remind you of something that
                occurred before your engagement to Mr. Grandcourt,"
                <qe/>
                said Lush, not without the
                rise of some willing insolence in exchange for her scorn.
            </s>
            <s sid="2" id="sample1.c42.s2"><qs/>"You met a lady in Cardell Chase, if you remember,
                who spoke to you of her position with regard to Mr. Grandcourt.
            </s>
            <s sid="3" id="sample1.c42.s3">She had children with her--one a very fine boy."
                <qe/>
            </s>
        </p>

    </div>

    <div book="sample1" num="43">
        <p pid="7" id="alli.c27.p7" type="speech">
            <s sid="1" id="sample1.c43.s1"><qs/>"I'm afraid he does not think much of his religious
                duties.
            </s>
            <s sid="2" id="sample1.c43.s2">I'm told that young men of that sort seldom do,"
                <qe/>
                said Rosina.
            </s>
        </p>

    </div>

    <div book="sample1" num="44">
        <p pid="119" id="jane.c20.p119" type="speech">
            <s sid="1" id="sample1.c44.s1"><qs/>"Jane, will you have a flower?"
                <qe/>
            </s>
        </p>

    </div>

    <div book="sample1" num="45">
        <p pid="41" id="Jude.c50.p41" type="speech">
            <s sid="1" id="sample1.c45.s1"><qs/>"Oh--I didn't think it was you!
            </s>
            <s sid="2" id="sample1.c45.s2">I didn't--Oh, Jude!"
                <qe/>
            </s>
            <s sid="3" id="sample1.c45.s3">A hysterical catch in her breath ended in a succession of
                them.
            </s>
            <s sid="4" id="sample1.c45.s4">He advanced, but she quickly recovered and went back.</s>
        </p>

    </div>

    <div book="sample1" num="46">
        <p pid="17" id="Prof.c17.p17" type="speech">
            <s sid="1" id="sample1.c46.s1"><qs/>"Mademoiselle, I am at your service."
                <qe/>
            </s>
        </p>

    </div>

    <div book="sample1" num="47">
        <p pid="40" id="Antoni.c22.p40" type="speech">
            <s sid="1" id="sample1.c47.s1"><qs/>'The hour has not yet arrived.
            </s>
            <s sid="2" id="sample1.c47.s2">More draughts must be drunk, more libations poured out,
                ere the mystery of the curtain is revealed!
            </s>
            <s sid="3" id="sample1.c47.s3">Ho, Glyco!'
                <qe/>
                <sls/>
                he continued, turning towards the
                singing-boy, who had silently entered the room,
                <sle/>
                <qs/>'the moment is yours!
            </s>
            <s sid="4" id="sample1.c47.s4">Tune your lyre, and recite my last ode, which I have
                addressed to you!
            </s>
            <s sid="5" id="sample1.c47.s5">Let the charms of Poetry preside over the feast of
                Death!'
                <qe/>
            </s>
        </p>

    </div>

    <div book="sample1" num="48">
        <p pid="72" id="emma.c42.p72" type="speech">
            <s sid="1" id="sample1.c48.s1"><qs/>"But if I do, I shall be crosser still.
            </s>
            <s sid="2" id="sample1.c48.s2">I can never bear to think of you all there without
                me."
                <qe/>
            </s>
        </p>

    </div>

    <div book="sample1" num="49">
        <p pid="26" id="persuasion.c8.p26" type="speech">
            <s sid="1" id="sample1.c49.s1"><qs/>"My brother,"
                <qe/>
                <sls/>
                whispered one of the girls;
                <sle/>
                <qs/>"mamma is thinking of poor Richard."
                <qe/>
            </s>
        </p>

    </div>

    <div book="sample1" num="50">
        <p pid="70" id="jane.c13.p70" type="speech">
            <s sid="1" id="sample1.c50.s1"><qs/>"And you girls probably worshipped him, as a convent
                full of religieuses would worship their director."<qe/></s>
        </p>

    </div>

    <div book="sample1" num="51">
        <p pid="158" id="Deronda.c35.p158" type="speech">
            <s sid="1" id="sample1.c51.s1">Grandcourt was smoking, and only said carelessly,
                <qs/>"Of course I was not going to let her live like a gamekeeper's
                mother."
                <qe/>
            </s>
        </p>

    </div>

    <div book="sample1" num="52">
        <p pid="111" id="alli.c22.p111" type="speech">
            <s sid="1" id="sample1.c52.s1"><qs/>"I'll tell you what,"
                <qe/>
                said Eames.
            </s>
        </p>

    </div>

    <div book="sample1" num="53">
        <p pid="10" id="VivianG.c48.p10" type="speech">
            <s sid="1" id="sample1.c53.s1"><qs/>"I wish the plan were practicable,"
                <qe/>
                said Mr.
                St.
            </s>
            <s sid="2" id="sample1.c53.s2">George.</s>
        </p>

    </div>

    <div book="sample1" num="54">
        <p pid="112" id="jane.c34.p112" type="speech">
            <s sid="1" id="sample1.c54.s1"><qs/>"I have an answer for you -- hear it.
            </s>
            <s sid="2" id="sample1.c54.s2">I have watched you ever since we first met:</s>
            <s sid="3" id="sample1.c54.s3">I have made you my study for ten months.</s>
            <s sid="4" id="sample1.c54.s4">I have proved you in that time by sundry tests: and what
                have I seen and elicited?
            </s>
            <s sid="5" id="sample1.c54.s5">In the village school I found you could perform well,
                punctually, uprightly, labour uncongenial to your habits and inclinations; I saw you
                could perform it with capacity and tact: you could win while you controlled.
            </s>
            <s sid="6" id="sample1.c54.s6">In the calm with which you learnt you had become suddenly
                rich, I read a mind clear of the vice of Demas:- lucre had no undue power over
                you.
            </s>
            <s sid="7" id="sample1.c54.s7">In the resolute readiness with which you cut your wealth
                into four shares, keeping but one to yourself, and relinquishing the three others to
                the claim of abstract justice, I recognised a soul that revelled in the flame and
                excitement of sacrifice.
            </s>
            <s sid="8" id="sample1.c54.s8">In the tractability with which, at my wish, you forsook a
                study in which you were interested, and adopted another because it interested me; in
                the untiring assiduity with which you have since persevered in it -- in the
                unflagging energy and unshaken temper with which you have met its difficulties -- I
                acknowledge the complement of the qualities I seek.
            </s>
            <s sid="9" id="sample1.c54.s9">Jane, you are docile, diligent, disinterested, faithful,
                constant, and courageous; very gentle, and very heroic: cease to mistrust yourself
                -- I can trust you unreservedly.
            </s>
            <s sid="10" id="sample1.c54.s10">As a conductress of Indian schools, and a helper
                amongst Indian women, your assistance will be to me invaluable."
                <qe/>
            </s>
        </p>

    </div>

    <div book="sample1" num="55">
        <p pid="42" id="pride.c16.p42" type="speech">
            <s sid="1" id="sample1.c55.s1">He shook his head.</s>
            <s sid="2" id="sample1.c55.s2"><qs/>"I wish I could call her amiable.
            </s>
            <s sid="3" id="sample1.c55.s3">It gives me pain to speak ill of a Darcy.</s>
            <s sid="4" id="sample1.c55.s4">But she is too much like her brother--very, very
                proud.
            </s>
            <s sid="5" id="sample1.c55.s5">As a child, she was affectionate and pleasing, and
                extremely fond of me; and I have devoted hours and hours to her amusement.
            </s>
            <s sid="6" id="sample1.c55.s6">But she is nothing to me now.</s>
            <s sid="7" id="sample1.c55.s7">She is a handsome girl, about fifteen or sixteen, and, I
                understand, highly accomplished.
            </s>
            <s sid="8" id="sample1.c55.s8">Since her father's death, her home has been London, where
                a lady lives with her, and superintends her education."
                <qe/>
            </s>
        </p>

    </div>

    <div book="sample1" num="56">
        <p pid="74" id="wh.c21.p74" type="speech">
            <s sid="1" id="sample1.c56.s1"><qs/>'There's nothing the matter but laziness; is there,
                Earnshaw?'
                <qe/>
                he said.
            </s>
            <s sid="2" id="sample1.c56.s2"><qs/>'My cousin fancies you are an idiot.
            </s>
            <s sid="3" id="sample1.c56.s3">There you experience the consequence of scorning
                <alt-qs/>"book-larning,"
                <alt-qe/>
                as you would say.
            </s>
            <s sid="4" id="sample1.c56.s4">Have you noticed, Catherine, his frightful Yorkshire
                pronunciation?'
                <qe/>
            </s>
        </p>

    </div>

    <div book="sample1" num="57">
        <p pid="25" id="arma.c18.p25" type="speech">
            <s sid="1" id="sample1.c57.s1">The major's servant was brimful of forebodings (inspired
                solely by Miss Gwilt's good looks) which she poured out irrepressibly on her
                <alt-qs/>"sweetheart,"
                <alt-qe/>
                try as he might to divert her to other topics.
            </s>
            <s sid="2" id="sample1.c57.s2">Sooner or later, let him mark her words, there would be
                an awful <alt-qs/>"upset"
                <alt-qe/>
                at the cottage.
            </s>
            <s sid="3" id="sample1.c57.s3">Her master, it might be mentioned in confidence, led a
                dreadful life with her mistress.
            </s>
            <s sid="4" id="sample1.c57.s4">The major was the best of men; he hadn't a thought in his
                heart beyond his daughter and his everlasting clock.
            </s>
            <s sid="5" id="sample1.c57.s5">But only let a nice-looking woman come near the place,
                and Mrs. Milroy was jealous of her--raging jealous, like a woman possessed, on that
                miserable sick-bed of hers.
            </s>
            <s sid="6" id="sample1.c57.s6">If Miss Gwilt (who was certainly good-looking, in spite
                of her hideous hair) didn't blow the fire into a flame before many days more were
                over their heads, the mistress was the mistress no longer, but somebody else.
            </s>
            <s sid="7" id="sample1.c57.s7">Whatever happened, the fault, this time, would lie at the
                door of the major's mother.
            </s>
            <s sid="8" id="sample1.c57.s8">The old lady and the mistress had had a dreadful quarrel
                two years since; and the old lady had gone away in a fury, telling her son, before
                all the servants, that, if he had a spark of spirit in him, he would never submit to
                his wife's temper as he did.
            </s>
            <s sid="9" id="sample1.c57.s9">It would be too much, perhaps, to accuse the major's
                mother of purposely picking out a handsome governess to spite the major's wife.
            </s>
            <s sid="10" id="sample1.c57.s10">But it might be safely said that the old lady was the
                last person in the world to humor the mistress's jealousy, by declining to engage a
                capable and respectable governess for her granddaughter because that governess
                happened to be blessed with good looks.
            </s>
            <s sid="11" id="sample1.c57.s11">How it was all to end (except that it was certain to
                end badly) no human creature could say.
            </s>
            <s sid="12" id="sample1.c57.s12">Things were looking as black already as things well
                could.
            </s>
            <s sid="13" id="sample1.c57.s13">Miss Neelie was crying, after the day's pleasure (which
                was one bad sign); the mistress had found fault with nobody (which was another); the
                master had wished her good-night through the door (which was a third); and the
                governess had locked herself up in her room (which was the worst sign of all, for it
                looked as if she distrusted the servants).
            </s>
            <s sid="14" id="sample1.c57.s14">Thus the stream of the woman's gossip ran on, and thus
                it reached Midwinter's ears through the window, till the clock in the stable-yard
                struck, and stopped the talking.
            </s>
            <s sid="15" id="sample1.c57.s15">When the last vibrations of the bell had died away, the
                voices were not audible again, and the silence was broken no more.
            </s>
        </p>

    </div>

    <div book="sample1" num="58">
        <p pid="13" id="mill.c27.p13" type="speech">
            <s sid="1" id="sample1.c58.s1"><qs/>"Mrs. Tulliver, I think?"
                <qe/>
                said Mr. Wakem.
            </s>
        </p>

    </div>

    <div book="sample1" num="59">
        <p pid="66" id="cran.c4.p66" type="speech">
            <s sid="1" id="sample1.c59.s1"><qs/>"And now I must go back with you, my dear, for I
                promised to let her know how Thomas Holbrook went on; and, I'm sorry to say, his
                housekeeper has sent me word to-day that he hasn't long to live.
            </s>
            <s sid="2" id="sample1.c59.s2">Poor Thomas! that journey to Paris was quite too much for
                him.
            </s>
            <s sid="3" id="sample1.c59.s3">His housekeeper says he has hardly ever been round his
                fields since, but just sits with his hands on his knees in the counting-house, not
                reading or anything, but only saying what a wonderful city Paris was!
            </s>
            <s sid="4" id="sample1.c59.s4">Paris has much to answer for if it's killed my cousin
                Thomas, for a better man never lived."
                <qe/>
            </s>
        </p>

    </div>

    <div book="sample1" num="60">
        <p pid="30" id="native.c11.p30" type="speech">
            <s sid="1" id="sample1.c60.s1"><qs/>"It is easy enough to say that; but you don't see
                the difficulty.
            </s>
            <s sid="2" id="sample1.c60.s2">He wants her much more than she wants him; and before I
                can encourage anything of the sort I must have a clear understanding from you that
                you will not interfere to injure an arrangement which I promote in the belief that
                it is for the best.
            </s>
            <s sid="3" id="sample1.c60.s3">Suppose, when they are engaged, and everything is
                smoothly arranged for their marriage, that you should step between them and renew
                your suit?
            </s>
            <s sid="4" id="sample1.c60.s4">You might not win her back, but you might cause much
                unhappiness."
                <qe/>
            </s>
        </p>

    </div>

    <div book="sample1" num="61">
        <p pid="11" id="jane.c34.p11" type="speech">
            <s sid="1" id="sample1.c61.s1"><qs/>"I understand.
            </s>
            <s sid="2" id="sample1.c61.s2">I thought you were for flying off on some excursion.</s>
            <s sid="3" id="sample1.c61.s3">It is better so:</s>
            <s sid="4" id="sample1.c61.s4">Hannah shall go with you."
                <qe/>
            </s>
        </p>

    </div>

    <div book="sample1" num="62">
        <p pid="31" id="native.c35.p31" type="speech">
            <s sid="1" id="sample1.c62.s1"><qs/>"By not letting in Mrs. Yeobright."
                <qe/>
            </s>
        </p>

    </div>

    <div book="sample1" num="63">
        <p pid="13" id="NorthS.c50.p13" type="speech">
            <s sid="1" id="sample1.c63.s1"><qs/>'And she's not getten married, measter?'
                <qe/>
            </s>
        </p>

    </div>

    <div book="sample1" num="64">
        <p pid="41" id="alli.c46.p41" type="speech">
            <s sid="1" id="sample1.c64.s1"><qs/>"What have you got in that drawer, Mr
                Eames?"
                <qe/>
            </s>
        </p>

    </div>

    <div book="sample1" num="65">
        <p pid="41" id="Deronda.c44.p41" type="speech">
            <s sid="1" id="sample1.c65.s1"><qs/>"Why, what did I ever do that was good to you,
                except marry Mr. Grandcourt?"
                <qe/>
                said Gwendolen, starting up with a desperate
                resolve to be playful, and keep no more on the perilous edge of agitation.
            </s>
            <s sid="2" id="sample1.c65.s2"><qs/>"And I should not have done that unless it had
                pleased myself."
                <qe/>
            </s>
            <s sid="3" id="sample1.c65.s3">She tossed up her chin, and reached her hat.</s>
        </p>

    </div>

    <div book="sample1" num="66">
        <p pid="30" id="alli.c58.p30" type="speech">
            <s sid="1" id="sample1.c66.s1"><qs/>"It is kind; only I hate to be told that I'm not to
                have a lot of money, as though I had ever shown a desire for it.
            </s>
            <s sid="2" id="sample1.c66.s2">I have never envied Bernard his man-servant, or his
                maid-servant, or his ox, or his ass, or anything that is his.
            </s>
            <s sid="3" id="sample1.c66.s3">To tell the truth I didn't even wish it to be Bell's,
                because I knew well that there was somebody she would like a great deal better than
                ever she could like Bernard."
                <qe/>
            </s>
        </p>

    </div>

    <div book="sample1" num="67">
        <p pid="37" id="Tess.c6.p37" type="speech">
            <s sid="1" id="sample1.c67.s1"><qs/>"Yes,"
                <qe/>
                <sls/>
                said little Abraham, brightly,
                from the window-bench;
                <sle/>
                <qs/>"and I seed it! and it did twinkle when he put his
                hand up to his mistarshers.
            </s>
            <s sid="2" id="sample1.c67.s2">Mother, why did our grand relation keep on putting his
                hand up to his mistarshers?"
                <qe/>
            </s>
        </p>

    </div>

    <div book="sample1" num="68">
        <p pid="18" id="wwhite.c6.p18" type="speech">
            <s sid="1" id="sample1.c68.s1"><qs/>"So glad.
            </s>
            <s sid="2" id="sample1.c68.s2">And--what next?</s>
            <s sid="3" id="sample1.c68.s3">Ah!</s>
            <s sid="4" id="sample1.c68.s4">I remember.</s>
            <s sid="5" id="sample1.c68.s5">Yes.</s>
            <s sid="6" id="sample1.c68.s6">In reference to the consideration which you are good
                enough to accept for giving me the benefit of your accomplishments in art, my
                steward will wait on you at the end of the first week, to ascertain your wishes.
            </s>
            <s sid="7" id="sample1.c68.s7">And--what next?</s>
            <s sid="8" id="sample1.c68.s8">Curious, is it not?</s>
            <s sid="9" id="sample1.c68.s9">I had a great deal more to say: and I appear to have
                quite forgotten it.
            </s>
            <s sid="10" id="sample1.c68.s10">Do you mind touching the bell?</s>
            <s sid="11" id="sample1.c68.s11">In that corner.</s>
            <s sid="12" id="sample1.c68.s12">Yes.</s>
            <s sid="13" id="sample1.c68.s13">Thank you."
                <qe/>
            </s>
        </p>

    </div>

    <div book="sample1" num="69">
        <p pid="6" id="persuasion.c9.p6" type="speech">
            <s sid="1" id="sample1.c69.s1">The two families had always been on excellent terms,
                there being no pride on one side, and no envy on the other, and only such a
                consciousness of superiority in the Miss Musgroves, as made them pleased to improve
                their cousins.
            </s>
            <s sid="2" id="sample1.c69.s2">Charles's attentions to Henrietta had been observed by
                her father and mother without any disapprobation.
            </s>
            <s sid="3" id="sample1.c69.s3"><qs/>"It would not be a great match for her; but if
                Henrietta liked him,"<qe/>-- and Henrietta did seem to like him.
            </s>
        </p>

    </div>

    <div book="sample1" num="70">
        <p pid="45" id="wwhite.c26.p45" type="speech">
            <s sid="1" id="sample1.c70.s1"><qs/>"Favour me with your attention for one moment,"
                <qe/>
                she said, in her clear icily-suppressed tones.
            </s>
            <s sid="2" id="sample1.c70.s2"><qs/>"I have to thank you, Sir Percival, for your
                hospitality, and to decline taking advantage of it any longer.
            </s>
            <s sid="3" id="sample1.c70.s3">I remain in no house in which ladies are treated as your
                wife and Miss Halcombe have been treated here to-day!"
                <qe/>
            </s>
        </p>

    </div>

    <div book="sample1" num="71">
        <p pid="53" id="alli.c54.p53" type="speech">
            <s sid="1" id="sample1.c71.s1"><qs/>"Yes, I have.
            </s>
            <s sid="2" id="sample1.c71.s2">You know well all that I have got to tell you.</s>
            <s sid="3" id="sample1.c71.s3">I loved you before he ever saw you; and now that he has
                gone, I love you better than I ever did.
            </s>
            <s sid="4" id="sample1.c71.s4">Dear Lily!"
                <qe/>
                and he put out his hand to her.
            </s>
        </p>

    </div>

    <div book="sample1" num="72">
        <p pid="56" id="NorthS.c23.p56" type="speech">
            <s sid="1" id="sample1.c72.s1"><qs/>'Mrs. Thornton will send the water-bed,
                mamma.'
                <qe/>
            </s>
        </p>

    </div>

    <div book="sample1" num="73">
        <p pid="10" id="VivianG.c78.p10" type="speech">
            <s sid="1" id="sample1.c73.s1"><qs/>"This bridge appears to be very recently
                built?"
                <qe/>
                said Vivian to one of his conductors.
            </s>
        </p>

    </div>

    <div book="sample1" num="74">
        <p pid="29" id="dorian.c16.p29" type="speech">
            <s sid="1" id="sample1.c74.s1"><qs/>"Never mind."
                <qe/>
            </s>
        </p>

    </div>

    <div book="sample1" num="75">
        <p pid="3" id="Jude.c50.p3" type="speech">
            <s sid="1" id="sample1.c75.s1"><qs/>"I've got a bargain for my trouble in marrying thee
                over again!"
                <qe/>
            </s>
            <s sid="2" id="sample1.c75.s2">Arabella was saying to him.</s>
            <s sid="3" id="sample1.c75.s3"><qs/>"I shall have to keep 'ee entirely--that's what
                'twill come to!
            </s>
            <s sid="4" id="sample1.c75.s4">I shall have to make black-pot and sausages, and hawk 'em
                about the street, all to support an invalid husband I'd no business to be saddled
                with at all.
            </s>
            <s sid="5" id="sample1.c75.s5">Why didn't you keep your health, deceiving one like
                this?
            </s>
            <s sid="6" id="sample1.c75.s6">You were well enough when the wedding was!"
                <qe/>
            </s>
        </p>

    </div>

    <div book="sample1" num="76">
        <p pid="21" id="sybil.c1.p21" type="speech">
            <s sid="1" id="sample1.c76.s1"><qs/>"Nothing can do me good,"
                <qe/>
                <sls/>
                said Alfred,
                throwing away his almost untasted peach,
                <sle/>
                <qs/>"I should be quite content if
                anything could do me harm.
            </s>
            <s sid="2" id="sample1.c76.s2">Waiter, bring me a tumbler of Badminton."
                <qe/>
            </s>
        </p>

    </div>

    <div book="sample1" num="77">
        <p pid="51" id="Pomp.c28.p51" type="speech">
            <s sid="1" id="sample1.c77.s1"><qs/>'Oh!'
                <qe/>
                <sss/>
                said she, tremblingly,
                <sse/>
                <qs/>'such a scene! such fearful incantations! and the dead face of the
                hag!--But, let us talk not of it.
            </s>
            <s sid="2" id="sample1.c77.s2">I have obtained the potion--she pledges its effect.</s>
            <s sid="3" id="sample1.c77.s3">My rival shall be suddenly indifferent to his eye, and I,
                I alone, the idol of Glaucus!'
                <qe/>
            </s>
        </p>

    </div>

    <div book="sample1" num="78">
        <p pid="52" id="alli.c49.p52" type="speech">
            <s sid="1" id="sample1.c78.s1"><qs/>"I should like of all things to be left alone for a
                week,"
                <qe/>
                <sss/>
                said Lily,
                <sse/>
                <qs/>"if mamma and Bell would go."
                <qe/>
            </s>
        </p>

    </div>

    <div book="sample1" num="79">
        <p pid="16" id="Jude.c14.p16" type="speech">
            <s sid="1" id="sample1.c79.s1"><qs/>"Well, anything is better than those everlasting
                church fallals!"
                <qe/>
                she said.
            </s>
            <s sid="2" id="sample1.c79.s2">But she was still in a trembling state, and seemed almost
                to wish she had not bought the figures.
            </s>
        </p>

    </div>

    <div book="sample1" num="80">
        <p pid="48" id="LadyAud.c20.p48" type="speech">
            <s sid="1" id="sample1.c80.s1"><qs/>"You're a prett' creature to call yoursel' sensible
                woman?"
                <qe/>
                he said.
            </s>
            <s sid="2" id="sample1.c80.s2"><qs/>"Why don't you take th' chile 'way, er wash 's
                face?
            </s>
            <s sid="3" id="sample1.c80.s3">D'yer want to ruin me?</s>
            <s sid="4" id="sample1.c80.s4">D'yer want to 'stroy me?</s>
            <s sid="5" id="sample1.c80.s5">Take th' chile 'way!</s>
            <s sid="6" id="sample1.c80.s6">Mr. Audley, sir, I'm ver' glad to see yer; ver' 'appy to
                'ceive yer in m' humbl' 'bode,"
                <qe/>
                the old man added with tipsy politeness,
                dropping into a chair as he spoke, and trying to look steadily at his unexpected
                visitor.
            </s>
        </p>

    </div>

    <div book="sample1" num="81">
        <p pid="12" id="arma.c19.p12" type="speech">
            <s sid="1" id="sample1.c81.s1"><qs/>"If you will promise not to be alarmed, Mamma Oldershaw,
                I will begin this letter in a very odd way, by copying a page of a letter written by
                somebody else.
            </s>
            <s sid="2" id="sample1.c81.s2">You have an excellent memory, and you may not have
                forgotten that I received a note from Major Milroy's mother (after she had engaged
                me as governess) on Monday last.
            </s>
            <s sid="3" id="sample1.c81.s3">It was dated and signed; and here it is, as far as the
                first page:
            </s>
            <s sid="4" id="sample1.c81.s4"><alt-qs/>'June 23d, 1851.
            </s>
            <s sid="5" id="sample1.c81.s5">Dear Madam--Pray excuse my troubling you, before you go
                to Thorpe Ambrose, with a word more about the habits observed in my son's
                household.
            </s>
            <s sid="6" id="sample1.c81.s6">When I had the pleasure of seeing you at two o'clock
                to-day, in Kingsdown Crescent, I had another appointment in a distant part of London
                at three; and, in the hurry of the moment, one or two little matters escaped me
                which I think I ought to impress on your attention.'
                <alt-qe/>
            </s>
            <s sid="7" id="sample1.c81.s7">The rest of the letter is not of the slightest
                importance, but the lines that I have just copied are well worthy of all the
                attention you can bestow on them.
            </s>
            <s sid="8" id="sample1.c81.s8">They have saved me from discovery, my dear, before I have
                been a week in Major Milroy's service!
            </s>
        </p>
        <p pid="13" id="arma.c19.p13">
          <s sid="34" id="arma.c19.s34">"It happened no later than yesterday evening, and it began and ended in this manner:</s>
        </p>
        <p pid="14" id="arma.c19.p14">
          <s sid="35" id="arma.c19.s35">"There is a gentleman here, (of whom I shall have more to say presently) who is an intimate friend of young Armadale's, and who bears the strange name of Midwinter.</s>
          <s sid="36" id="arma.c19.s36">He contrived yesterday to speak to me alone in the park.</s>
          <s sid="37" id="arma.c19.s37">Almost as soon as he opened his lips, I found that my name had been discovered in London (no doubt by the Somersetshire clergyman); and that Mr. Midwinter had been chosen (evidently by the same person) to identify the Miss Gwilt who had vanished from Brompton with the Miss Gwilt who had appeared at Thorpe Ambrose.</s>
          <s sid="38" id="arma.c19.s38">You foresaw this danger, I remember; but you could scarcely have imagined that the exposure would threaten me so soon.</s>
        </p>
        <p pid="15" id="arma.c19.p15">
          <s sid="39" id="arma.c19.s39">"I spare you the details of our conversation to come to the end.</s>
          <s sid="40" id="arma.c19.s40">Mr. Midwinter put the matter very delicately, declaring, to my great surprise, that he felt quite certain himself that I was not the Miss Gwilt of whom his friend was in search; and that he only acted as he did out of regard to the anxiety of a person whose wishes he was bound to respect.</s>
          <s sid="41" id="arma.c19.s41">Would I assist him in setting that anxiety completely at rest, as far as I was concerned, by kindly answering one plain question--which he had no other right to ask me than the right my indulgence might give him?</s>
          <s sid="42" id="arma.c19.s42">The lost <alt-qs/>'Miss Gwilt'<alt-qe/> had been missed on Monday last, at two o'clock, in the crowd on the platform of the North-western Railway, in Euston Square.</s>
          <s sid="43" id="arma.c19.s43">Would I authorize him to say that on that day, and at that hour, the Miss Gwilt who was Major Milroy's governess had never been near the place?</s>
        </p>
        <p pid="16" id="arma.c19.p16">
          <s sid="44" id="arma.c19.s44">"I need hardly tell you that I seized the fine opportunity he had given me of disarming all future suspicion.</s>
          <s sid="45" id="arma.c19.s45">I took a high tone on the spot, and met him with the old lady's letter.</s>
          <s sid="46" id="arma.c19.s46">He politely refused to look at it.</s>
          <s sid="47" id="arma.c19.s47">I insisted on his looking at it.</s>
          <s sid="48" id="arma.c19.s48"><alt-qs/>'I don't choose to be mistaken,'<alt-qe/><sss/> I said, <sse/><alt-qs/>'for a woman who may be a bad character, because she happens to bear, or to have assumed, the same name as mine.</s>
          <s sid="49" id="arma.c19.s49">I insist on your reading the first part of this letter for my satisfaction, if not for your own.'<alt-qe/></s>
          <s sid="50" id="arma.c19.s50">He was obliged to comply; and there was the proof, in the old lady's handwriting, that, at two o'clock on Monday last, she and I were together in Kingsdown Crescent, which any directory would tell him is a <alt-qs/>'crescent'<alt-qe/> in Bayswater!</s>
          <s sid="51" id="arma.c19.s51">I leave you to imagine his apologies, and the perfect sweetness with which I received them.</s>
        </p>
        <p pid="17" id="arma.c19.p17">
          <s sid="52" id="arma.c19.s52">"I might, of course, if I had not preserved the letter, have referred him to you, or to the major's mother, with similar results.</s>
          <s sid="53" id="arma.c19.s53">As it is, the object has been gained without trouble or delay.</s>
          <s sid="54" id="arma.c19.s54">_I have been proved not to be myself_; and one of the many dangers that threatened me at Thorpe Ambrose is a danger blown over from this moment.</s>
          <s sid="55" id="arma.c19.s55">Your house-maid's face may not be a very handsome one; but there is no denying that it has done us excellent service.</s>
        </p>
        <p pid="18" id="arma.c19.p18">
          <s sid="56" id="arma.c19.s56">"So much for the past; now for the future.</s>
          <s sid="57" id="arma.c19.s57">You shall hear how I get on with the people about me; and you shall judge for yourself what the chances are for and against my becoming mistress of Thorpe Ambrose.</s>
        </p>
        <p pid="19" id="arma.c19.p19">
          <s sid="58" id="arma.c19.s58">"Let me begin with young Armadale--because it is beginning with good news.</s>
          <s sid="59" id="arma.c19.s59">I have produced the right impression on him already, and Heaven knows _that_ is nothing to boast of!</s>
          <s sid="60" id="arma.c19.s60">Any moderately good-looking woman who chose to take the trouble could make him fall in love with her.</s>
          <s sid="61" id="arma.c19.s61">He is a rattle-pated young fool--one of those noisy, rosy, light-haired, good-tempered men whom I particularly detest.</s>
          <s sid="62" id="arma.c19.s62">I had a whole hour alone with him in a boat, the first day I came here, and I have made good use of my time, I can tell you, from that day to this.</s>
          <s sid="63" id="arma.c19.s63">The only difficulty with him is the difficulty of concealing my own feelings, especially when he turns my dislike of him into downright hatred by sometimes reminding me of his mother.</s>
          <s sid="64" id="arma.c19.s64">I really never saw a man whom I could use so ill, if I had the opportunity.</s>
          <s sid="65" id="arma.c19.s65">He will give me the opportunity, I believe, if no accident happens, sooner than we calculated on.</s>
          <s sid="66" id="arma.c19.s66">I have just returned from a party at the great house, in celebration of the rent-day dinner, and the squire's attentions to me, and my modest reluctance to receive them, have already excited general remark.</s>
        </p>
        <p pid="20" id="arma.c19.p20">
          <s sid="67" id="arma.c19.s67">"My pupil, Miss Milroy, comes next.</s>
          <s sid="68" id="arma.c19.s68">She, too, is rosy and foolish; and, what is more, awkward and squat and freckled, and ill-tempered and ill-dressed.</s>
          <s sid="69" id="arma.c19.s69">No fear of _her_, though she hates me like poison, which is a great comfort, for I get rid of her out of lesson time and walking time.</s>
          <s sid="70" id="arma.c19.s70">It is perfectly easy to see that she has made the most of her opportunities with young Armadale (opportunities, by-the-by, which we never calculated on), and that she has been stupid enough to let him slip through her fingers.</s>
          <s sid="71" id="arma.c19.s71">When I tell you that she is obliged, for the sake of appearances, to go with her father and me to the little entertainments at Thorpe Ambrose, and to see how young Armadale admires me, you will understand the kind of place I hold in her affections.</s>
          <s sid="72" id="arma.c19.s72">She would try me past all endurance if I didn't see that I aggravate her by keeping my temper, so, of course, I keep it.</s>
          <s sid="73" id="arma.c19.s73">If I do break out, it will be over our lessons--not over our French, our grammar, history, and globes--but over our music.</s>
          <s sid="74" id="arma.c19.s74">No words can say how I feel for her poor piano.</s>
          <s sid="75" id="arma.c19.s75">Half the musical girls in England ought to have their fingers chopped off in the interests of society, and, if I had my way, Miss Milroy's fingers should be executed first.</s>
        </p>
        <p pid="21" id="arma.c19.p21">
          <s sid="76" id="arma.c19.s76">"As for the major, I can hardly stand higher in his estimation than I stand already.</s>
          <s sid="77" id="arma.c19.s77">I am always ready to make his breakfast, and his daughter is not.</s>
          <s sid="78" id="arma.c19.s78">I can always find things for him when he loses them, and his daughter can't.</s>
          <s sid="79" id="arma.c19.s79">I never yawn when he proses, and his daughter does.</s>
          <s sid="80" id="arma.c19.s80">I like the poor dear harmless old gentleman, so I won't say a word more about him.</s>
        </p>
        <p pid="22" id="arma.c19.p22">
          <s sid="81" id="arma.c19.s81">"Well, here is a fair prospect for the future surely?</s>
          <s sid="82" id="arma.c19.s82">My good Oldershaw, there never was a prospect yet without an ugly place in it.</s>
          <s sid="83" id="arma.c19.s83">_My_ prospect has two ugly places in it.</s>
          <s sid="84" id="arma.c19.s84">The name of one of them is Mrs. Milroy, and the name of the other is Mr. Midwinter.</s>
        </p>
        <p pid="23" id="arma.c19.p23">
          <s sid="85" id="arma.c19.s85">"Mrs. Milroy first.</s>
          <s sid="86" id="arma.c19.s86">Before I had been five minutes in the cottage, on the day of my arrival, what do you think she did?</s>
          <s sid="87" id="arma.c19.s87">She sent downstairs and asked to see me.</s>
          <s sid="88" id="arma.c19.s88">The message startled me a little, after hearing from the old lady, in London, that her daughter-in-law was too great a sufferer to see anybody; but, of course, when I got her message, I had no choice but to go up stairs to the sick-room.</s>
          <s sid="89" id="arma.c19.s89">I found her bedridden with an incurable spinal complaint, and a really horrible object to look at, but with all her wits about her; and, if I am not greatly mistaken, as deceitful a woman, with as vile a temper, as you could find anywhere in all your long experience.</s>
          <s sid="90" id="arma.c19.s90">Her excessive politeness, and her keeping her own face in the shade of the bed-curtains while she contrived to keep mine in the light, put me on my guard the moment I entered the room.</s>
          <s sid="91" id="arma.c19.s91">We were more than half an hour together, without my stepping into any one of the many clever little traps she laid for me.</s>
          <s sid="92" id="arma.c19.s92">The only mystery in her behavior, which I failed to see through at the time, was her perpetually asking me to bring her things (things she evidently did not want) from different parts of the room.</s>
        </p>
        <p pid="24" id="arma.c19.p24">
          <s sid="93" id="arma.c19.s93">"Since then events have enlightened me.</s>
          <s sid="94" id="arma.c19.s94">My first suspicions were raised by overhearing some of the servants' gossip; and I have been confirmed in my opinion by the conduct of Mrs. Milroy's nurse.</s>
        </p>
        <p pid="25" id="arma.c19.p25">
          <s sid="95" id="arma.c19.s95">"On the few occasions when I have happened to be alone with the major, the nurse has also happened to want something of her master, and has invariably forgotten to announce her appearance by knocking, at the door.</s>
          <s sid="96" id="arma.c19.s96">Do you understand now why Mrs. Milroy sent for me the moment I got into the house, and what she wanted when she kept me going backward and forward, first for one thing and then for another?</s>
          <s sid="97" id="arma.c19.s97">There is hardly an attractive light in which my face and figure can be seen, in which that woman's jealous eyes have not studied them already.</s>
          <s sid="98" id="arma.c19.s98">I am no longer puzzled to know why the father and daughter started, and looked at each other, when I was first presented to them; or why the servants still stare at me with a mischievous expectation in their eyes when I ring the bell and ask them to do anything.</s>
          <s sid="99" id="arma.c19.s99">It is useless to disguise the truth, Mother Oldershaw, between you and me.</s>
          <s sid="100" id="arma.c19.s100">When I went upstairs into that sickroom, I marched blindfold into the clutches of a jealous woman.</s>
          <s sid="101" id="arma.c19.s101">If Mrs. Milroy _can_ turn me out of the house, Mrs. Milroy _will_; and, morning and night, she has nothing else to do in that bed prison of hers but to find out the way.</s>
        </p>
        <p pid="26" id="arma.c19.p26">
          <s sid="102" id="arma.c19.s102">"In this awkward position, my own cautious conduct is admirably seconded by the dear old major's perfect insensibility.</s>
          <s sid="103" id="arma.c19.s103">His wife's jealousy of him is as monstrous a delusion as any that could be found in a mad-house; it is the growth of her own vile temper, under the aggravation of an incurable illness.</s>
          <s sid="104" id="arma.c19.s104">The poor man hasn't a thought beyond his mechanical pursuits; and I don't believe he knows at this moment whether I am a handsome woman or not.</s>
          <s sid="105" id="arma.c19.s105">With this chance to help me, I may hope to set the nurse's intrusions and the mistress's contrivances at defiance--for a time, at any rate.</s>
          <s sid="106" id="arma.c19.s106">But you know what a jealous woman is, and I think I know what Mrs. Milroy is; and I own I shall breathe more freely on the day when young Armadale opens his foolish lips to some purpose, and sets the major advertising for a new governess.</s>
        </p>
        <p pid="27" id="arma.c19.p27">
          <s sid="107" id="arma.c19.s107">"Armadale's name reminds me of Armadale's friend.</s>
          <s sid="108" id="arma.c19.s108">There is more danger threatening in that quarter; and, what is worse, I don't feel half as well armed beforehand against Mr. Midwinter as I do against Mrs. Milroy.</s>
        </p>
        <p pid="28" id="arma.c19.p28">
          <s sid="109" id="arma.c19.s109">"Everything about this man is more or less mysterious, which I don't like, to begin with.</s>
          <s sid="110" id="arma.c19.s110">How does he come to be in the confidence of the Somersetshire clergyman?</s>
          <s sid="111" id="arma.c19.s111">How much has that clergyman told him?</s>
          <s sid="112" id="arma.c19.s112">How is it that he was so firmly persuaded, when he spoke to me in the park, that I was not the Miss Gwilt of whom his friend was in search?</s>
          <s sid="113" id="arma.c19.s113">I haven't the ghost of an answer to give to any of those three questions.</s>
          <s sid="114" id="arma.c19.s114">I can't even discover who he is, or how he and young Armadale first became acquainted.</s>
          <s sid="115" id="arma.c19.s115">I hate him.</s>
          <s sid="116" id="arma.c19.s116">No, I don't; I only want to find out about him.</s>
          <s sid="117" id="arma.c19.s117">He is very young, little and lean, and active and dark, with bright black eyes which say to me plainly, <alt-qs/>'We belong to a man with brains in his head and a will of his own; a man who hasn't always been hanging about a country house, in attendance on a fool.'<alt-qe/></s>
          <s sid="118" id="arma.c19.s118">Yes; I am positively certain Mr. Midwinter has done something or suffered something in his past life, young as he is; and I would give I don't know what to get at it.</s>
          <s sid="119" id="arma.c19.s119">Don't resent my taking up so much space in my writing about him.</s>
          <s sid="120" id="arma.c19.s120">He has influence enough over young Armadale to be a very awkward obstacle in my way, unless I can secure his good opinion at starting.</s>
        </p>
        <p pid="29" id="arma.c19.p29">
          <s sid="121" id="arma.c19.s121">"Well, you may ask, and what is to prevent your securing his good opinion?</s>
          <s sid="122" id="arma.c19.s122">I am sadly afraid, Mother Oldershaw, I have got it on terms I never bargained for I am sadly afraid the man is in love with me already.</s>
        </p>
        <p pid="30" id="arma.c19.p30">
          <s sid="123" id="arma.c19.s123">"Don't toss your head and say, <alt-qs/>'Just like her vanity!'<alt-qe/></s>
          <s sid="124" id="arma.c19.s124">After the horrors I have gone through, I have no vanity left; and a man who admires me is a man who makes me shudder.</s>
          <s sid="125" id="arma.c19.s125">There was a time, I own--Pooh! what am I writing?</s>
          <s sid="126" id="arma.c19.s126">Sentiment, I declare!</s>
          <s sid="127" id="arma.c19.s127">Sentiment to _you_!</s>
          <s sid="128" id="arma.c19.s128">Laugh away, my dear.</s>
          <s sid="129" id="arma.c19.s129">As for me, I neither laugh nor cry; I mend my pen, and get on with my--what do the men call it?--my report.</s>
        </p>
        <p pid="31" id="arma.c19.p31">
          <s sid="130" id="arma.c19.s130">"The only thing worth inquiring is, whether I am right or wrong in my idea of the impression I have made on him.</s>
        </p>
        <p pid="32" id="arma.c19.p32">
          <s sid="131" id="arma.c19.s131">"Let me see; I have been four times in his company.</s>
          <s sid="132" id="arma.c19.s132">The first time was in the major's garden, where we met unexpectedly, face to face.</s>
          <s sid="133" id="arma.c19.s133">He stood looking at me, like a man petrified, without speaking a word.</s>
          <s sid="134" id="arma.c19.s134">The effect of my horrid red hair, perhaps?</s>
          <s sid="135" id="arma.c19.s135">Quite likely; let us lay it on my hair.</s>
          <s sid="136" id="arma.c19.s136">The second time was in going over the Thorpe Ambrose grounds, with young Armadale on one side of me, and my pupil (in the sulks) on the other.</s>
          <s sid="137" id="arma.c19.s137">Out comes Mr. Midwinter to join us, though he had work to do in the steward's office, which he had never been known to neglect on any other occasion.</s>
          <s sid="138" id="arma.c19.s138">Laziness, possibly? or an attachment to Miss Milroy?</s>
          <s sid="139" id="arma.c19.s139">I can't say; we will lay it on Miss Milroy, if you like; I only know he did nothing but look at _me_.</s>
          <s sid="140" id="arma.c19.s140">The third time was at the private interview in the park, which I have told you of already.</s>
          <s sid="141" id="arma.c19.s141">I never saw a man so agitated at putting a delicate question to a woman in my life.</s>
          <s sid="142" id="arma.c19.s142">But _that_ might have been only awkwardness; and his perpetually looking back after me when we had parted might have been only looking back at the view.</s>
          <s sid="143" id="arma.c19.s143">Lay it on the view; by all means, lay it on the view!</s>
          <s sid="144" id="arma.c19.s144">The fourth time was this very evening, at the little party.</s>
          <s sid="145" id="arma.c19.s145">They made me play; and, as the piano was a good one, I did my best.</s>
          <s sid="146" id="arma.c19.s146">All the company crowded round me, and paid me their compliments (my charming pupil paid hers, with a face like a cat's just before she spits), except Mr. Midwinter.</s>
          <s sid="147" id="arma.c19.s147">_He_ waited till it was time to go, and then he caught me alone for a moment in the hall.</s>
          <s sid="148" id="arma.c19.s148">There was just time for him to take my hand, and say two words.</s>
          <s sid="149" id="arma.c19.s149">Shall I tell you _how_ he took my hand, and what his voice sounded like when he spoke?</s>
          <s sid="150" id="arma.c19.s150">Quite needless!</s>
          <s sid="151" id="arma.c19.s151">You have always told me that the late Mr. Oldershaw doted on you.</s>
          <s sid="152" id="arma.c19.s152">Just recall the first time he took your hand, and whispered a word or two addressed to your private ear.</s>
          <s sid="153" id="arma.c19.s153">To what did you attribute his behavior that occasion?</s>
          <s sid="154" id="arma.c19.s154">I have no doubt, if you had been playing on the piano in the course of the evening, you would have attributed it entirely to the music!</s>
        </p>
        <p pid="33" id="arma.c19.p33">
          <s sid="155" id="arma.c19.s155">"No! you may take my word for it, the harm is done.</s>
          <s sid="156" id="arma.c19.s156">_This_ man is no rattle-pated fool, who changes his fancies as readily as he changes his clothes.</s>
          <s sid="157" id="arma.c19.s157">The fire that lights those big black eyes of his is not an easy fire, when a woman has once kindled it, for that woman to put out.</s>
          <s sid="158" id="arma.c19.s158">I don't wish to discourage you; I don't say the changes are against us.</s>
          <s sid="159" id="arma.c19.s159">But with Mrs. Milroy threatening me on one side, and Mr. Midwinter on the other, the worst of all risks to run is the risk of losing time.</s>
          <s sid="160" id="arma.c19.s160">Young Armadale has hinted already, as well as such a lout can hint, at a private interview!</s>
          <s sid="161" id="arma.c19.s161">Miss Milroy's eyes are sharp, and the nurse's eyes are sharper; and I shall lose my place if either of them find me out.</s>
          <s sid="162" id="arma.c19.s162">No matter!</s>
          <s sid="163" id="arma.c19.s163">I must take my chance, and give him the interview.</s>
          <s sid="164" id="arma.c19.s164">Only let me get him alone, only let me escape the prying eyes of the women, and--if his friend doesn't come between us--I answer for the result!</s>
        </p>
        <p pid="34" id="arma.c19.p34">
          <s sid="165" id="arma.c19.s165">"In the meantime, have I anything more to tell you?</s>
          <s sid="166" id="arma.c19.s166">Are there any other people in our way at Thorpe Ambrose?</s>
          <s sid="167" id="arma.c19.s167">Not another creature!</s>
          <s sid="168" id="arma.c19.s168">None of the resident families call here, young Armadale being, most fortunately, in bad odor in the neighborhood.</s>
          <s sid="169" id="arma.c19.s169">There are no handsome highly-bred women to come to the house, and no persons of consequence to protest against his attentions to a governess.</s>
          <s sid="170" id="arma.c19.s170">The only guests he could collect at his party to-night were the lawyer and his family (a wife, a son, and two daughters), and a deaf old woman and _her_ son--all perfectly unimportant people, and all obedient humble servants of the stupid young squire.</s>
        </p>
        <p pid="35" id="arma.c19.p35">
          <s sid="171" id="arma.c19.s171">"Talking of obedient humble servants, there is one other person established here, who is employed in the steward's office--a miserable, shabby, dilapidated old man, named Bashwood.</s>
          <s sid="172" id="arma.c19.s172">He is a perfect stranger to me, and I am evidently a perfect stranger to him, for he has been asking the house-maid at the cottage who I am.</s>
          <s sid="173" id="arma.c19.s173">It is paying no great compliment to myself to confess it, but it is not the less true that I produced the most extraordinary impression on this feeble old creature the first time he saw me.</s>
          <s sid="174" id="arma.c19.s174">He turned all manner of colors, and stood trembling and staring at me, as if there was something perfectly frightful in my face.</s>
          <s sid="175" id="arma.c19.s175">I felt quite startled for the moment, for, of all the ways in which men have looked at me, no man ever looked at me in that way before.</s>
          <s sid="176" id="arma.c19.s176">Did you ever see the boa constrictor fed at the Zoological Gardens?</s>
          <s sid="177" id="arma.c19.s177">They put a live rabbit into his cage, and there is a moment when the two creatures look at each other.</s>
          <s sid="178" id="arma.c19.s178">I declare Mr. Bashwood reminded me of the rabbit.</s>
        </p>
        <p pid="36" id="arma.c19.p36">
          <s sid="179" id="arma.c19.s179">"Why do I mention this?</s>
          <s sid="180" id="arma.c19.s180">I don't know why.</s>
          <s sid="181" id="arma.c19.s181">Perhaps I have been writing too long, and my head is beginning to fail me.</s>
          <s sid="182" id="arma.c19.s182">Perhaps Mr. Bashwood's manner of admiring me strikes my fancy by its novelty.</s>
          <s sid="183" id="arma.c19.s183">Absurd!</s>
          <s sid="184" id="arma.c19.s184">I am exciting myself, and troubling you about nothing.</s>
          <s sid="185" id="arma.c19.s185">Oh, what a weary, long letter I have written! and how brightly the stars look at me through the window, and how awfully quiet the night is!</s>
          <s sid="186" id="arma.c19.s186">Send me some more of those sleeping drops, and write me one of your nice, wicked, amusing letters.</s>
          <s sid="187" id="arma.c19.s187">You shall hear from me again as soon as I know a little better how it is all likely to end.</s>
          <s sid="188" id="arma.c19.s188">Good-night, and keep a corner in your stony old heart for</s>
        </p>
        <p pid="37" id="arma.c19.p37">
          <s sid="189" id="arma.c19.s189">L. G."<qe/></s>
        </p>



    </div>

    <div book="sample1" num="82">
        <p pid="35" id="Deronda.c13.p35" type="speech">
            <s sid="1" id="sample1.c82.s1"><qs/>"You will not remain there long, I hope."
                <qe/>
            </s>
        </p>

    </div>

    <div book="sample1" num="83">
        <p pid="8" id="wwhite.c50.p8" type="speech">
            <s sid="1" id="sample1.c83.s1"><qs/>"Well, sir,"
                <qe/>
                <sss/>
                said the man,
                <sse/>
                <qs/>"I
                can't exactly say I do."
                <qe/>
            </s>
        </p>

    </div>

    <div book="sample1" num="84">
        <p pid="47" id="mill.c8.p47" type="speech">
            <s sid="1" id="sample1.c84.s1"><qs/>"The father's gone to the field, again, if you want
                him, brother."
                <qe/>
            </s>
        </p>

    </div>

    <div book="sample1" num="85">
        <p pid="7" id="pride.c33.p7" type="speech">
            <s sid="1" id="sample1.c85.s1"><qs/>"Do you certainly leave Kent on Saturday?"
                <qe/>
                said
                she.
            </s>
        </p>

    </div>

    <div book="sample1" num="86">
        <p pid="9" id="native.c36.p9" type="speech">
            <s sid="1" id="sample1.c86.s1"><qs/>"It was very unfortunate, ma'am, that the boy Johnny
                should ever ha' told him his mother's dying words, about her being broken-hearted
                and cast off by her son.
            </s>
            <s sid="2" id="sample1.c86.s2">'Twas enough to upset any man alive."
                <qe/>
            </s>
        </p>

    </div>

    <div book="sample1" num="87">
        <p pid="28" id="NorthS.c41.p28" type="speech">
            <s sid="1" id="sample1.c87.s1"><qs/>'Bell! you're not to think, that if I could have
                foreseen all that would come of my change of opinion, and my resignation of my
                living--no! not even if I could have known how ~she~ would have suffered,--that I
                would undo it--the act of open acknowledgment that I no longer held the same faith
                as the church in which I was a priest.
            </s>
            <s sid="2" id="sample1.c87.s2">As I think now, even if I could have foreseen that
                cruellest martyrdom of suffering, through the sufferings of one whom I loved, I
                would have done just the same as far as that step of openly leaving the church
                went.
            </s>
            <s sid="3" id="sample1.c87.s3">I might have done differently, and acted more wisely, in
                all that I subsequently did for my family.
            </s>
            <s sid="4" id="sample1.c87.s4">But I don't think God endued me with over-much wisdom or
                strength,'
                <qe/>
                he added, falling hack into his old position.
            </s>
        </p>

    </div>

    <div book="sample1" num="88">
        <p pid="25" id="sybil.c46.p25" type="speech">
            <s sid="1" id="sample1.c88.s1"><qs/>"No bitterness to you! that would indeed be
                harsh,"
                <qe/>
                and she covered with her hand her streaming eyes.
            </s>
        </p>

    </div>

    <div book="sample1" num="89">
        <p pid="47" id="mill.c28.p47" type="speech">
            <s sid="1" id="sample1.c89.s1"><qs/>"They haven't come upo' Moss for the money as I lent
                him, have they?"
                <qe/>
            </s>
        </p>

    </div>

    <div book="sample1" num="90">
        <p pid="13" id="mill.c43.p13" type="speech">
            <s sid="1" id="sample1.c90.s1">Mrs. Bob's small nose seemed to be following the example
                of her eyes in turning up reverentially toward Maggie, but she was able now to smile
                and curtsey, and say,<qs/>"I'd looked forrard like aenything to seein' you, Miss,
                for my husband's tongue's been runnin' on you, like as if he was light-headed, iver
                since first he come a-courtin' on me."
                <qe/>
            </s>
        </p>

    </div>

    <div book="sample1" num="91">
        <p pid="86" id="native.c6.p86" type="speech">
            <s sid="1" id="sample1.c91.s1"><qs/>"But perhaps it is not wholly because of you that I
                get gloomy,"
                <qe/>
                she archly added.
            </s>
            <s sid="2" id="sample1.c91.s2"><qs/>"It is in my nature to feel like that.
            </s>
            <s sid="3" id="sample1.c91.s3">It was born in my blood, I suppose."
                <qe/>
            </s>
        </p>

    </div>

    <div book="sample1" num="92">
        <p pid="31" id="Deronda.c51.p31" type="speech">
            <s sid="1" id="sample1.c92.s1"><qs/>"Sir Hugo has written much about you.
            </s>
            <s sid="2" id="sample1.c92.s2">He tells me you have a wonderful mind--you comprehend
                everything--you are wiser than he is with all his sixty years.
            </s>
            <s sid="3" id="sample1.c92.s3">You say you are glad to know that you were born a
                Jew.
            </s>
            <s sid="4" id="sample1.c92.s4">I am not going to tell you that I have changed my mind
                about that.
            </s>
            <s sid="5" id="sample1.c92.s5">Your feelings are against mine.</s>
            <s sid="6" id="sample1.c92.s6">You don't thank me for what I did.</s>
            <s sid="7" id="sample1.c92.s7">Shall you comprehend your mother, or only blame
                her?"
                <qe/>
            </s>
        </p>

    </div>

    <div book="sample1" num="93">
        <p pid="9" id="Deronda.c52.p9" type="speech">
            <s sid="1" id="sample1.c93.s1">However, this cousinship with the duchess came out by
                chance one day that Mirah was with them at home and they were talking about the
                Mallingers.
            </s>
            <s sid="2" id="sample1.c93.s2">_Apropos_; I am getting so important that I have rival
                invitations.
            </s>
            <s sid="3" id="sample1.c93.s3">Gascoigne wants me to go down with him to his father's
                rectory in August and see the country round there.
            </s>
            <s sid="4" id="sample1.c93.s4">But I think self-interest well understood will take me to
                Topping Abbey, for Sir Hugo has invited me, and proposes--God bless him for his
                rashness!
            </s>
            <s sid="5" id="sample1.c93.s5">--that I should make a picture of his three daughters
                sitting on a bank--as he says, in the Gainsborough style.
            </s>
            <s sid="6" id="sample1.c93.s6">He came to my studio the other day and recommended me to
                apply myself to portrait.
            </s>
            <s sid="7" id="sample1.c93.s7">Of course I know what that means.--<qs/>"My good fellow,
                your attempts at the historic and poetic are simply pitiable.
            </s>
            <s sid="8" id="sample1.c93.s8">Your brush is just that of a successful
                portrait-painter--it has a little truth and a great facility in falsehood--your
                idealism will never do for gods and goddesses and heroic story, but it may fetch a
                high price as flattery.
            </s>
            <s sid="9" id="sample1.c93.s9">Fate, my friend, has made you the hinder wheel--_rota
                posterior curras, et in axe secundo_--run behind, because you can't help
                it."
                <qe/>
            </s>
            <s sid="10" id="sample1.c93.s10">--What great effort it evidently costs our friends to
                give us these candid opinions!
            </s>
            <s sid="11" id="sample1.c93.s11">I have even known a man to take the trouble to call, in
                order to tell me that I had irretrievably exposed my want of judgment in treating my
                subject, and that if I had asked him we would have lent me his own judgment.
            </s>
            <s sid="12" id="sample1.c93.s12">Such was my ingratitude and my readiness at
                composition, that even while he was speaking I inwardly sketched a Last Judgment
                with that candid friend's physiognomy on the left.
            </s>
            <s sid="13" id="sample1.c93.s13">But all this is away from Sir Hugo, whose manner of
                implying that one's gifts are not of the highest order is so exceedingly good-
                natured and comfortable that I begin to feel it an advantage not to be among those
                poor fellows at the tip-top.
            </s>
            <s sid="14" id="sample1.c93.s14">And his kindness to me tastes all the better because it
                comes out of his love for you, old boy.
            </s>
            <s sid="15" id="sample1.c93.s15">His chat is uncommonly amusing.</s>
            <s sid="16" id="sample1.c93.s16">By the way, he told me that your Vandyke duchess is
                gone with her husband yachting to the Mediterranean.
            </s>
            <s sid="17" id="sample1.c93.s17">I bethink me that it is possible to land from a yacht,
                or to be taken on to a yacht from the land.
            </s>
            <s sid="18" id="sample1.c93.s18">Shall you by chance have an opportunity of continuing
                your theological discussion with the fair Supralapsarian--I think you said her
                tenets were of that complexion?
            </s>
            <s sid="19" id="sample1.c93.s19">Is Duke Alphonso also theological?--perhaps an Arian
                who objects to triplicity.
            </s>
            <s sid="20" id="sample1.c93.s20">(Stage direction.</s>
            <s sid="21" id="sample1.c93.s21">While D. is reading, a profound scorn gathers in his
                face till at the last word he flings down the letter, grasps his coat- collar in a
                statuesque attitude and so remains with a look generally tremendous, throughout the
                following soliloquy, <qs/>"O night, O blackness, etc., etc."<qe/>)
            </s>
        </p>

    </div>

    <div book="sample1" num="94">
        <p pid="18" id="dorian.c11.p18" type="speech">
            <s sid="1" id="sample1.c94.s1">He discovered wonderful stories, also, about jewels.</s>
            <s sid="2" id="sample1.c94.s2">In Alphonso's Clericalis Disciplina a serpent was
                mentioned with eyes of real jacinth, and in the romantic history of Alexander, the
                Conqueror of Emathia was said to have found in the vale of Jordan snakes <alt-qs/>"with
                collars of real emeralds growing on their backs."
                <alt-qe/>
            </s>
            <s sid="3" id="sample1.c94.s3">There was a gem in the brain of the dragon, Philostratus
                told us, and <alt-qs/>"by the exhibition of golden letters and a scarlet robe"
                <alt-qe/>
                the monster
                could be thrown into a magical sleep and slain.
            </s>
            <s sid="4" id="sample1.c94.s4">According to the great alchemist, Pierre de Boniface, the
                diamond rendered a man invisible, and the agate of India made him eloquent.
            </s>
            <s sid="5" id="sample1.c94.s5">The cornelian appeased anger, and the hyacinth provoked
                sleep, and the amethyst drove away the fumes of wine.
            </s>
            <s sid="6" id="sample1.c94.s6">The garnet cast out demons, and the hydropicus deprived
                the moon of her colour.
            </s>
            <s sid="7" id="sample1.c94.s7">The selenite waxed and waned with the moon, and the
                meloceus, that discovers thieves, could be affected only by the blood of kids.
            </s>
            <s sid="8" id="sample1.c94.s8">Leonardus Camillus had seen a white stone taken from the
                brain of a newly killed toad, that was a certain antidote against poison.
            </s>
            <s sid="9" id="sample1.c94.s9">The bezoar, that was found in the heart of the Arabian
                deer, was a charm that could cure the plague.
            </s>
            <s sid="10" id="sample1.c94.s10">In the nests of Arabian birds was the aspilates, that,
                according to Democritus, kept the wearer from any danger by fire.
            </s>
        </p>

    </div>

    <div book="sample1" num="95">
        <p pid="2" id="pride.c37.p2" type="speech">
            <s sid="1" id="sample1.c95.s1">Elizabeth could not see Lady Catherine without
                recollecting that, had she chosen it, she might by this time have been presented to
                her as her future niece; nor could she think, without a smile, of what her
                ladyship's indignation would have been.
            </s>
            <s sid="2" id="sample1.c95.s2"><qs/>"What would she have said? how would she have
                behaved?"
                <qe/>
                were questions with which she amused herself.
            </s>
        </p>

    </div>

    <div book="sample1" num="96">
        <p pid="77" id="native.c37.p77" type="speech">
            <s sid="1" id="sample1.c96.s1">She called the boy downstairs, asked Clym to sit down on
                a stool, and continued,<qs/>"Now, Johnny, tell Mr. Yeobright anything you can call
                to mind."
                <qe/>
            </s>
        </p>

    </div>

    <div book="sample1" num="97">
        <p pid="91" id="alli.c57.p91" type="speech">
            <s sid="1" id="sample1.c97.s1"><qs/>"I must go up to him at once."
                <qe/>
            </s>
        </p>

    </div>

    <div book="sample1" num="98">
        <p pid="10" id="NorthS.c14.p10" type="speech">
            <s sid="1" id="sample1.c98.s1"><qs/>'You see, Margaret, how from the very first he
                disliked Captain Reid.
            </s>
            <s sid="2" id="sample1.c98.s2">He was second lieutenant in the ship--the Orion--in which
                Frederick sailed the very first time.
            </s>
            <s sid="3" id="sample1.c98.s3">Poor little fellow, how well he looked in his
                midshipman's dress, with his dirk in his hand, cutting open all the newspapers with
                it as if it were a paper-knife!
            </s>
            <s sid="4" id="sample1.c98.s4">But this Mr. Reid, as he was then, seemed to take a
                dislike to Frederick from the very beginning.
            </s>
            <s sid="5" id="sample1.c98.s5">And then--stay! these are the letters he wrote on board
                the Russell.
            </s>
            <s sid="6" id="sample1.c98.s6">When he was appointed to her, and found his old enemy
                Captain Reid in command, he did mean to bear all his tyranny patiently.
            </s>
            <s sid="7" id="sample1.c98.s7">Look! this is the letter.</s>
            <s sid="8" id="sample1.c98.s8">Just read it, Margaret.</s>
            <s sid="9" id="sample1.c98.s9">Where is it he says--Stop--<alt-qs/>'my father may rely upon me,
                that I will bear with all proper patience everything that one officer and gentleman
                can take from another.
            </s>
            <s sid="10" id="sample1.c98.s10">But from my former knowledge of my present captain, I
                confess I look forward with apprehension to a long course of tyranny on board the
                Russell.'<alt-qe/>
            </s>
            <s sid="11" id="sample1.c98.s11">You see, he promises to bear patiently, and I am sure
                he did, for he was the sweetest-tempered boy, when he was not vexed, that could
                possibly be.
            </s>
            <s sid="12" id="sample1.c98.s12">Is that the letter in which he speaks of Captain Reid's
                impatience with the men, for not going through the ship's manoeuvres as quickly as
                the Avenger?
            </s>
            <s sid="13" id="sample1.c98.s13">You see, he says that they had many new hands on board
                the Russell, while the Avenger had been nearly three years on the station, with
                nothing to do but to keep slavers off, and work her men, till they ran up and down
                the rigging like rats or monkeys.'
                <qe/>
            </s>
        </p>

    </div>

    <div book="sample1" num="99">
        <p pid="90" id="Prof.c23.p90" type="speech">
            <s sid="1" id="sample1.c99.s1"><qs/>"I should think so, or else why should I call it my
                country?"
                <qe/>
            </s>
        </p>

    </div>

    <div book="sample1" num="100">
        <p pid="54" id="Deronda.c6.p54" type="speech">
            <s sid="1" id="sample1.c100.s1">This conclusion came from Mr. Gascoigne, who begged Miss
                Merry if possible to get the key.
            </s>
            <s sid="2" id="sample1.c100.s2">But this readiness to explain the mystery was thought by
                Mrs. Vulcany unbecoming in a clergyman, and she observed in an undertone that Mr.
                Gascoigne was always a little too worldly for her taste.
            </s>
            <s sid="3" id="sample1.c100.s3">However, the key was produced, and the rector turned it
                in the lock with an emphasis rather offensively rationalizing--as who should say,
                <qs/>"it will not start open again"<qe/>--putting the key in his pocket as a
                security.
            </s>
        </p>

    </div>

</samples>
